,title,link
0,"상어, 기린, 호랑이, 고릴라, 낙타는 영어로?ㅣ영어 배우기ㅣ위키와 동물언어_영어ㅣ자동공부책상 위키ㅣKBS 방송",https://youtube.com/watch?v=HRd98hTZb-U
1,절대로 부활하면 안 되는 멸종 동물!,https://youtube.com/watch?v=c20uGI5Mmvs
2,심쿵 아기동물 성장기 #OfftheFence #KBS #동물의왕국 (KBS1 20210505 방송),https://youtube.com/watch?v=p_wTEHPGAGI
3,본격 귀여움 참기 챌린지! 역대급 심장 폭행범 ‘꼬물이들.zip’ I TV동물농장 (Animal Farm) | SBS Story,https://youtube.com/watch?v=c9cYIGqdcvA
4,귀엽고 신기한 동물들을 만나봤어요! 동물편 모음 40분 자연 학습 체험,https://youtube.com/watch?v=VotU3AUcMuk
5,[Full] 극한직업 - 대동물 수의사 20140416,https://youtube.com/watch?v=qiMECNEomEs
6,세계에서 가장 귀여운 동물들! 동물의 귀엽고 재미있는 순간 1 번 😍,https://youtube.com/watch?v=a6hQ-kK0_Jw
7,[KBS키즈] 위키와 동물언어 120분 ｜ KBS 자동공부책상위키 ｜ 동물 친구들과 배우는 한국어 ｜ 동물언어 모아보기 ｜ 2시간 연속재생,https://youtube.com/watch?v=LjBnF_NK3HY
8,7개월 째 배가 불러있는 떠돌이개.. 병원에 데려가봤더니ㅣStray Dog Whose Belly’s Still Bloated Post Giving Birth..,https://youtube.com/watch?v=spNdmJaHiN0
9,갈색털이라고 다 똑같은게 아니다냥!,https://youtube.com/watch?v=Bhv2Gez7awI
10,수년이 지난 후의 동물과 주인의 재회!,https://youtube.com/watch?v=kGIKFMEC6g8
11,동물원에 간 뽀로로 스페셜! l 동물원 친구들을 알아보자! l 함께놀자 뽀로로 l 뽀로로랑 타요랑 뽀요TV,https://youtube.com/watch?v=wQeyQ3_mvUI
12,우리 아이 좋아하는 동물 동요 총집합! 바다동물 외 동물 동요 모음집 +100분♪ | 티디키즈 동요연속듣기 ★지니키즈,https://youtube.com/watch?v=Kg4FerO-XsI
13,동물의 왕 호랑이와 사자 | 자연관찰 | 과학도감 | 깨비키즈 KEBIKIDS,https://youtube.com/watch?v=opuapSE9cr8
14,겁도없이 사자에게 도발한 미친 하이에나들의 최후,https://youtube.com/watch?v=C_Ijjh3c6Cs
15,상대를 잘못 고른 동물들!,https://youtube.com/watch?v=vbhtJ8KexVk
16,[TV 동물농장 레전드/SUB] ‘초보 엄마 봉이와 진도 10남매’ 풀버전 다시보기 #TV동물농장 #AnimalFarm #SBSstory,https://youtube.com/watch?v=ADux0rN8G68
17,승질 더러운 강아지를 혼내는 아기집사 솜이 ㅋㅋㅋ,https://youtube.com/watch?v=K4CRosXwb_g
18,카메라에 잡힌 히어로 동물들!,https://youtube.com/watch?v=l0MZH_2eA84
19,상대를 잘못 건드린 40마리의 동물들!,https://youtube.com/watch?v=HaGQeycHBXI
20,상대를 잘못 건드린 35마리의 동물들!,https://youtube.com/watch?v=AF3TqHcvjHY
21,퓨전 동물 [마인크래프트],https://youtube.com/watch?v=TSApHGfb6Ow
22,아마존에 사는 놀랍고도 위험한 동물 TOP6!,https://youtube.com/watch?v=bsONARjnNrA
23,"깜짝 놀란 순간... 울타리에서 감전되는 야생 동물 장면 - 개코원숭이, 표범, 곰, 얼룩말, 개, 사슴, 독수리...",https://youtube.com/watch?v=xR8Q9Wf_FrA
24,[TV 동물농장 레전드/SUB]  새끼냥 11마리 + 강아지 5마리!? 멍냥 대가족! 풀버전 다시 보기 #TV동물농장 #AnimalFarm #SBSstory,https://youtube.com/watch?v=VE7eb77M9Pw
25,까꿍! 동물친구ㅣ자연관찰ㅣ전편 몰아보기 (1~26화)ㅣBabies&KidsㅣPikaboo! Animal friendsㅣDaekyo noriQ l 대교 노리Q,https://youtube.com/watch?v=LIEfAhU6xVs
26,사자 VS 악어 싸움 대결 악어에게 공격당한 사자의 최후 사자의 대가리를 씹어먹어버리는 나일 악어의 놀라운 모습,https://youtube.com/watch?v=czDwVQTnRkg
27,7개월 째 배가 불러있는 떠돌이개.. 병원에 데려가봤더니ㅣStray Dog Whose Belly’s Still Bloated Post Giving Birth..,https://youtube.com/watch?v=spNdmJaHiN0
28,수년이 지난 후의 동물과 주인의 재회!,https://youtube.com/watch?v=kGIKFMEC6g8
29,사자의 면상까지 박살내버리는 무자비한 깡패 동물,https://youtube.com/watch?v=7ow56YYAxeE
30,한국의 이 동물이 미국으로 넘어가 생태계를 박살내고 있어 제2의 가물치가 되고 있습니다.,https://youtube.com/watch?v=ZjZI25OAKas
31,이들과 함께라면 적막한 산속도 외롭지 않다. 산 사나이 곁을 채워주는 단짝들 | 동물극장 단짝 EP8 | KBS 220318 방송,https://youtube.com/watch?v=xpigWJ11P7A
32,[정설령 수의사의 반려동물 영양학] 반려동물 비만치료 - 식이 관리법,https://youtube.com/watch?v=ucElipq61Fg
33,청주시 율량동 단독 주택 매매 *반려동물* (구해줘 삼성 부동산 TV),https://youtube.com/watch?v=2ShVtFutgQc
34,동물 ABC송🐱알파벳 동요 | 어린이 영어 학습 | Alphabet Song for Kids | 꼬마공룡 코코비,https://youtube.com/watch?v=8ZH9WPVnAgg
35,"2022 STETC 희귀동물박람회 다녀왔습니다! (feat.다흑, 요코, 더쥬, 아쿠아프로)",https://youtube.com/watch?v=VGbTDqQ9w6U
36,모동숲Z 1편:동물의숲에 좀비가?!,https://youtube.com/watch?v=Kv6mnttlw8Q
37,[3-1] 3단원 (6) 새끼를 낳는 동물의 한살이를 알아볼까요,https://youtube.com/watch?v=wZo4K_B2GrQ
38,해가 진 후 애완동물 가게에서 대체 무슨일이? 😨🎃 a pet shop after dark Demo #겜생 약간 무섭고 이상하고 어렵고 해괴하고 요상한 스토리 퍼즐 게임,https://youtube.com/watch?v=7xXiilGqh10
39,"[COINREADERS] PetSneakers, 애완동물과 운동하면서 돈 버는 M2E 게임 베타 버전 출시",https://youtube.com/watch?v=X_cW-K0gj48
40,동물키우고 싶은사람 이영상 보세요,https://youtube.com/watch?v=-kmhbv7O5ag
41,~똥희네 반려동물 케어 Vlog~,https://youtube.com/watch?v=_ZjGJKqAAyM
42,"[위클리벳 295회] 동물진료비 공개, 언제부터 어떻게?(5/31까지 의견제출)",https://youtube.com/watch?v=FD_hBdPdFc0
43,20220521 동물의 숲 포켓캠프 : 죠니를 깨우는 방법,https://youtube.com/watch?v=fy862jv8XB8
44,사람이 동물을 구조한 아름다운 순간들,https://youtube.com/watch?v=vAbP-oth3Kg
45,상대를 잘못 건드린 35마리의 동물들!,https://youtube.com/watch?v=dKZnmsUOKBA
46,실제로 사람들이 키우는 가장 무서운 반려동물 15마리,https://youtube.com/watch?v=Yc8VqreqZ4k
47,동물원에 가요 | 동물친구들 | 율동 | 동요모음 | 슈퍼죠죠 인기동요 | Super JoJo,https://youtube.com/watch?v=zVsvoXWztSA
48,그 시절 우리가 사랑했던 💊쪼꼬미 동물병원💊 1~12화 모아보기ㅣBinge-Watch On Animal Hospital For Tiny Animals,https://youtube.com/watch?v=nNh9bO5xdso
49,토미카 사파리 동물원 사자 호랑이 판다 코알라 동물 피규어 장난감 Tomica Animal Figures Toys,https://youtube.com/watch?v=n-RMy5lBYtw
50,너무 배고팠던 어미옆을 지나가던 새끼의 최후,https://youtube.com/watch?v=B8KxPLtL7KU
51,45일 안에 솔로탈출 못하면 동물로 변하는 세상(a.k.a 솔로지옥),https://youtube.com/watch?v=pBV4ZYAZYcI
52,"지구의 미스테리 블루홀, 그리고 그곳에 간 다이버가 촬영한 영상 속 괴생명체? | KBS 스펀지 120323 방송",https://youtube.com/watch?v=4zUitOO8UkY
53,집에서 이런 동물 키워도 되나요? [반려동물 자랑대회4],https://youtube.com/watch?v=3gIhZlHWRk4
54,"내 옆에 잠자고 있는 반려동물, 눈 떠보니 우리 집 개가 아니었다",https://youtube.com/watch?v=Ak4-s4xgzSs
55,진화를 이상하게 해서 황당하게 멸종한 동물 TOP5,https://youtube.com/watch?v=3Sr6IVtrdVg
56,(심멎주의♥️) 희귀영상! 동물원이 아닌 자연 속의 너구리판다(레서 판다) | 안개속의 아기천사- 너구리판다(1) #Offthefence,https://youtube.com/watch?v=BbX2tXUo2Q0
57,꼭 봐야 하는 가장 무서운 동물 35종류,https://youtube.com/watch?v=QUKlXK4Xg4Q
58,주인이 위기에 처했을 때 (개 VS 고양이) #인간동물시리즈,https://youtube.com/shorts/Hc9jFc1eaeM
59,[TV 동물농장 레전드/SUB] ♥심쿵주의♥ 아기 너구리 9남매 육아일기 풀버전 다시 보기 #TV동물농장 #AnimalFarm #SBSstory,https://youtube.com/watch?v=DYazL0RPWxE
60,플레이 모빌 코끼리와 야생 동물 레인저스 트럭,https://youtube.com/watch?v=QUMZ93J_HTw
61,꼬모 | 아이스크림 속 동물 찾기2 | 누리과정 | 예술경험 | 색깔 알고 응용하기,https://youtube.com/watch?v=uN33igZZe6E
62,동물과 곤충 그림자 카드 속 동물 찾기 | 숨바꼭질 | 캐리와장난감친구들,https://youtube.com/watch?v=J5ZBckowQtk
63,"🌏동물 친구들과 지구를 보호해요! | 🦁멸종 위기 동물, 동물활동가, 분리수거송 | Save the Earth | 환경보호 | 동물동요 | 환경동요 | 주니토니 | JunyTony",https://youtube.com/watch?v=my33EwwexDQ
64,블라드와 니키는 동물과 놀고 싶어 | 아이들을위한 컬렉션 비디오,https://youtube.com/watch?v=tFrhYtlbHp4
65,페어링된 동물들,https://youtube.com/shorts/RpGOOm2NavI
66,송아지를 막 출산한 어미소 자궁 안에서 뭔가를 발견한 수의사..🙀ㅣInside The Belly Of A Cow Just Given Birth..!,https://youtube.com/watch?v=S5DK7OB8p7A
67,"동물원에 가요! | +모음집 | 동물 친구들 안녕!🦁BEST 동물 동요 총집합 | 상어가족, 사자, 기린, 코끼리, 뿌지직 응가할 시간이야! | 바다동물동요 | 핑크퐁! 인기동요",https://youtube.com/watch?v=Y9Go6rQ0Xc4
68,까꿍! 동물친구ㅣ자연관찰ㅣ모아보기ㅣBabies&KidsㅣPikaboo! Animal friendsㅣDaekyo noriQ l 대교 노리Q,https://youtube.com/watch?v=RHB5UJ9DAXQ
69,평생 소를 키워도 보기 힘든 일이 일어났습니다ㅣHoly.. Cow That Gave Birth To Twins Of Miraculous Chance,https://youtube.com/watch?v=6ZjKjL-um1c
70,호주를 뒤집어 놓은 골칫거리 동물,https://youtube.com/shorts/unticzG03eo
71,사는 곳이 달라요 | 동물과식물 | 호기심천국 | 표범 | 순록 | 사막여우 | 깨비키즈 KEBIKIDS,https://youtube.com/watch?v=bD-qcj7zGs0
72,바나나 차차 (Banana Cha Cha) | 강아지 차차 | 뽀로로와노래해요 | 뽀로로와동물친구들,https://youtube.com/watch?v=3BNiGFavnGU
73,플래닛 사이언스 - 동물의왕국 - 치명적인 사냥꾼 아나콘다 - 전체 다큐멘터리,https://youtube.com/watch?v=tux5RzY4jxU
74,동물들은 어떻게 거울 속 자기 모습을 알아볼까?,https://youtube.com/watch?v=nGAbczBiNYU
75,폭신폭신 귀여운 말썽꾸러기 검은 양! 🐑 + 외 | 동물 노래 🦖 🐶 🐷 | 리틀엔젤 인기동요 어린이노래 - Little Angel,https://youtube.com/watch?v=V-WMuhQqYjc
76,유기묘에서 집주묘로~ 묘생역전!,https://youtube.com/watch?v=vm-3zwZ_F1k
77,수년만에 주인과 재회한 동물들,https://youtube.com/watch?v=Omq0U5Bdumo
78,뇌를 껐다 켰다 할 수 있는 ‘이 동물’ #shorts / 스브스뉴스,https://youtube.com/shorts/v8ogectBu6M
79,사람들에게 도움을 요청한 35마리의 동물들!,https://youtube.com/watch?v=LSBi8H5E150
80,"한국어ㅣ위기에 빠진 동물 구출하기 6! 어린이 동물 만화,  동물 이름 외우기ㅣ꼬꼬스토이",https://youtube.com/watch?v=NjAm-C5OMDY
81,윌크와 초코의 베스트5 | 지상 최강의 동물 베스트10 | 애니메이션/만화/디저트/animation/cartoon/dessert,https://youtube.com/watch?v=qwadmerLakY
82,[TV 동물농장 레전드]  귀여움과 대야 모두 폭발♥  ‘풍산개 꼬물이 19마리!’ 풀버전 다시 보기 I TV동물농장 (Animal Farm) | SBS Story,https://youtube.com/watch?v=Hooq1zQ11VU
83,[TV 동물농장 레전드/SUB] 강아지 아니고 늑대 맞아요...! 포스 아닌 큐티 한국 늑대 6남매! #TV동물농장 #AnimalFarm #SBSstory,https://youtube.com/watch?v=Fy4LDG0efT4
84,와..더 쩌는 반려동물이 지원했습니다..[반려동물 자랑대회5],https://youtube.com/watch?v=qjUD6eJ4mUc
85,0.01% 확률로 사람의 얼굴을 가지고 태어나는 동물,https://youtube.com/watch?v=y7Lhe1vK_ws
86,동물로 변신! 라임 고양이가 됐어요! 상어가 된 라임파파?! 마법의 동물 과자 먹고 변신 놀이 해요! Animal Transformation Magic Cracker,https://youtube.com/watch?v=JcxFiRRMVoQ
87,"[NEW] 누가 누가 있을까? 핑크퐁 동물동요 메들리ㅣ+모음집ㅣ잠보 하쿠나마타타, 내가 바로 동물의 왕, 뿌지직 응가할 시간이야ㅣ동물동요ㅣ핑크퐁! 인기동요",https://youtube.com/watch?v=X7SGcVQd1FA
88,[랭킹] 은혜갚은 야생동물들 - 2,https://youtube.com/watch?v=MaM8uxUzze0
89,까꿍! 동물친구ㅣ자연관찰ㅣ모아보기2ㅣBabies&KidsㅣPikaboo! Animal friendsㅣDaekyo noriQ l 대교 노리Q,https://youtube.com/watch?v=L9HHXK5Q74M
90,뽀로로 노래 | 아기 동물 | 동물 동요 | 뽀로로 인기동요 | 인사 송 | 뽀롱뽀롱 뽀로로,https://youtube.com/watch?v=nJMa-2AMOwo
91,아기 동물들을 괴롭히는 악땅 😈 vs 도와주는 애니멀 히어로즈 🦸‍♀️ 모음 | 30분 몰아보기!! | 드래곤디 인기동요&게임 | Dragon Dee  동물찾기 게임,https://youtube.com/watch?v=tuFG4JSHx9U
92,저는 동물학대범이 아닙니다,https://youtube.com/watch?v=hrI7boMNJTM
93,야생동물이랑 싸워서 이기는법 1,https://youtube.com/shorts/FCGFThgEGcI
94,알래스카에서 사람을 가장 많이 죽인 동물을 마주친다면..??,https://youtube.com/watch?v=n9zCDYvgKgY
95,[TV 동물농장 레전드] 😭미치도록 잡고 싶다! 만질 수 없는 가출견 복실이 🐶#TV동물농장 #AnimalFarm #SBSstory,https://youtube.com/watch?v=Og1zUNr8l2M
96,깡수연 독종이야! 19년 키우던 강수연의 반려동물 데려간 이유는,https://youtube.com/watch?v=vTBIUh4p2Sk
97,"블라드와 니키, 애완 동물과 노는 척 | 아이들을위한 재미있는 비디오",https://youtube.com/watch?v=Zqxbhoru89E
98,고양이 / 개 - 웃긴 영상  194,https://youtube.com/watch?v=aGfslm2bFCM
99,"애니멀 러쉬 동물 동요 총집합! 치타송, 펭귄송, 코끼리송 외 8곡 | 모음집 | 드래곤디와 함께하는 동물의 왕국 🐾 | 드래곤디 인기동요 | Dragon Dee Kids Song",https://youtube.com/watch?v=JGgPR1ApU4o
100,개미핥기가 왜 거기서 나와...? 동물농장에 출연한 야생 동물 모음집★ I TV동물농장 (Animal Farm) | SBS Story,https://youtube.com/watch?v=V09DKHu25gQ
101,[TV 동물농장 레전드/SUB] 💛귀염뽀짝 사막여우 마을 but 무자비한 그들의 사랑 전쟁? 💔#TV동물농장 #AnimalFarm #SBSstory,https://youtube.com/watch?v=3TjqMsmZOVA
102,외계인이 동물인형을 모두 숨겼놨어요!! 동물을 구하려면 문제를 모두 풀어야해요! 동물 구출하기 퀴즈풀기 외계인  Aliens hid all the animal dolls!,https://youtube.com/watch?v=qAqAZmYA_pA
103,9냥들 대탈주극(이라 쓰고 또 탈주극이라 읽는다),https://youtube.com/watch?v=0rLYKFZIQfM
104,아픈 동물을 치료해줘요! 동물 구조 동물병원 놀이 닥 맥스터핀스 장난감 Seohyun and the story about toy animals Hospital,https://youtube.com/watch?v=JvJaLY0P3zs
105,뽀로로와노래해요 NEW2 전편 이어보기 | 동물놀이 외 40분 | 뽀로로 노래 | 뽀로로 인기동요,https://youtube.com/watch?v=ZxT3niTSwOE
106,동물원 사장님이 되었다!!  동물원의 동물들을 케어하는 게임 행복한 동물 zoo happy animals [꿈토이 꿀잼 모바일게임],https://youtube.com/watch?v=3DA0Xq9uef4
107,내가 공격받을때 나를 지켜줄 동물 월드컵,https://youtube.com/watch?v=RanZb6gbRLM
108,환생(!)하고 싶은 동물 월드컵,https://youtube.com/watch?v=9y4nYNLbs6o
109,"[엄마 까투리 한글놀이] 무시무시한 이빨, 악어편 🐊 | 자연관찰 | 동물도감",https://youtube.com/watch?v=I1Ja8j5xGKY
110,카메라에 잡힌 정말 똑똑한 동물들!,https://youtube.com/watch?v=WzieU9c9_qw
111,야숨 모든 야생동물에게 먹이를 줄 수 있을까? (젤다의 전설 야생의 숨결),https://youtube.com/watch?v=kwKBBp-ClAE
112,가장 무서운 동물을 맞닥뜨린 사람들의 현명한 대처 40가지!,https://youtube.com/watch?v=1kuUy8oVbmE
113,[이슈플러스] 좁은 곳서 이상행동 반복…'철장 속' 동물의 절규,https://youtube.com/watch?v=Yx1pJYvMNbo
114,더 이상 볼 수 없는... 21세기에 멸종된 대표 동물 Top 10,https://youtube.com/watch?v=6yzlhZu6Yf4
115,보자마자 마음이 힐링되는 하찮고 귀여운 동물들♥ㅎㅎㅎㅎ,https://youtube.com/watch?v=cSyzqumO0OI
116,"패배자는 손모가지(?) 날아가는, 세상 진지한 결투..| 모든 동물들은 각자의 삶에 진심이다 | 동물의 행동과 습성 (2) #OfftheFence",https://youtube.com/watch?v=llnFAhED5fM
117,"핑크퐁 BEST 동물 동요 100분ㅣ★상어, 사자, 코끼리, 숨바꼭질 외 인기동요 총집합★ㅣ정글 바다 초원의 동물 친구들이 모두 모였어요!ㅣ+모음집ㅣ동물 동요ㅣ핑크퐁! 인기동요",https://youtube.com/watch?v=AOngWAA8q_g
118,[모동숲] 디즈니 한 장면 같은 성 만들기 💎 동물의숲 섬꾸미기 인테리어,https://youtube.com/watch?v=nJ2JH6Me148
119,"크리스마스 랜덤 선물 상자! 해양동물과 물에 사는 동물편, 동물이름 외우기ㅣ꼬꼬스토이",https://youtube.com/watch?v=f5jQAovlGiE
120,특집다큐 - 퍼펙트 프레데터 사자 ( 한국어 더빙 ) - 동물의 세계,https://youtube.com/watch?v=11t0O63ycns
121,블라드와 니키와 재미있는 동물 아이들을위한 컬렉션 비디오,https://youtube.com/watch?v=WLIajHAimT8
122,[초등 과학 3-1] 3. 동물의 한살이 - 3차시. 배추흰나비를 기르면서 한살이 과정을 알아보려면 어떻게 해야 할까요?,https://youtube.com/watch?v=xNq1caPGn1M
123,편집자 사심 듬~뿍 담긴 ★2020년을 빛낸 동물 총 결산★ I TV동물농장 (Animal Farm) | SBS Story,https://youtube.com/watch?v=UYW8fMSgDZc
124,우사인 볼트보다 빠른 인간의 반려동물,https://youtube.com/shorts/X-czA6Wmhhg
125,"블라드와 니키, 애완 동물과 노는 척 | 아이들을위한 재미있는 비디오",https://youtube.com/watch?v=Zqxbhoru89E
126,니네 사람이지? [반려동물 자랑대회3],https://youtube.com/watch?v=An1VDQtUZY8
127,기상천외 맹수과 동물들 건강검진하는 날ㅋㅋㅣLion Wakes Up From An Anesthetic During A Medical Check Up,https://youtube.com/watch?v=Nu87o5AgcoY
128,"바다 동물동요 모음집 | 여름 베스트 인기동요 | 바닷속 친구들이 모두 모였어요! | 백상아리, 해파리, 범고래, 상어가족 | 동물송 | 바다동물동요 | 주니토니 by 키즈캐슬",https://youtube.com/watch?v=F5ZItosl3V4
129,"기분에 따라 색이 변하는 동물들, 색깔놀이, 어린이 동물 만화, 동물이름 외우기, 컬렉타ㅣ꼬꼬스토이",https://youtube.com/watch?v=t3DRwMARlfU
130,「귀여운 고양이」웃지 않으려 노력하십시오 가장 웃긴 고양이 영화 #4 😸,https://youtube.com/watch?v=IimPIxS-wSM
131,Mukbang 동물먹방 Animal Food Mukbang 동물코하쿠토 먹방 Rainbow Kohakuto 초코시럽  Candy Choco Ice cream  JJAEMI째미,https://youtube.com/watch?v=Yc5oF7WuFw4
132,내 침이 최고야 | 동물들의 신기한 침 | 침의 활용 | 동물박사★지니키즈,https://youtube.com/watch?v=BoZcWOal5DQ
133,[와블리라이프] 애완동물을 샀어요!! 쏘닉!! 와블리 쏘닉 ㅋㅋㅋㅋㅋㅋ,https://youtube.com/watch?v=fqvOlYBTo8s
134,(eng)오.색.찬.란. 특수동물 가챠 인형!💖,https://youtube.com/watch?v=eZTAX-Cg8PE
135,되게 하찮은데 너무 귀여워서 힐링되는 장면들♥ 작고 소듕해...,https://youtube.com/watch?v=P5cE-SlBNYo
136,"우리집 동물이 자라고 있다 3, 어린이 숫자놀이, 동물이름 맞추기, 컬렉타ㅣ꼬꼬스토이",https://youtube.com/watch?v=HcwGiw01KhU
137,뽀로로와노래해요 NEW2 전편 이어보기 | 동물놀이 외 40분 | 뽀로로 노래 | 뽀로로 인기동요,https://youtube.com/watch?v=ZxT3niTSwOE
138,미니특공대 컬러놀이 | 동물 가족 찾아주기 | 동물 흉내 퀴즈 맞추기 | 자동차 세차 | 랜덤 뽑기 | 수영 | 볼링 배틀 | 컬러 목욕놀이 | 달리기 공놀이 | 미니팡 3D놀이!,https://youtube.com/watch?v=_dVaPl1_hag
139,무자비하게 동족포식하는 동물들의 실제상황,https://youtube.com/watch?v=raXPGVBXffE
140,칠흑 같은 어둠 속에서도 사냥하는 동물들이 있다?!ㅣ어둠 속의 동물들 #BBC #FULL (KBS1 20141107 방송),https://youtube.com/watch?v=g7vYW2D7zVw
141,"한국어ㅣ동물 구출 대작전 9화, 위기에 빠진 동물 자연으로 돌려보내기, 동물만화ㅣ꼬꼬스토이",https://youtube.com/watch?v=WwaiDbsFp3k
142,동물로 변신! 🐶 함께 춤춰요 외 | 연속듣기 | 동요 모음 | 동요 묶음 | 괴물송 | 목욕 노래 | 반창고송 | 다쳤어요 | 리틀엔젤 인기동요 | Little Angel,https://youtube.com/watch?v=LS6VHGs0WsE
143,"안녕하세요 - 애완동물 56마리를 키우면서 관리는 안 하는 아들, 20140901",https://youtube.com/watch?v=q26yHsz_0OY
144,블라드와 니키와 재미있는 동물 아이들을위한 컬렉션 비디오,https://youtube.com/watch?v=WLIajHAimT8
145,내가 위험할 때 나를 지켜줄 동물 월드컵,https://youtube.com/watch?v=QF_jqcF6lY8
146,상대를 잘못 고른 동물들!,https://youtube.com/watch?v=vbhtJ8KexVk
147,핑크퐁 바다동물 가방 스티커 아기상어가족 등장 장난감 놀이(Pinkfong sea animal baby shark family sticker toys)💖[토이천국],https://youtube.com/watch?v=Q2-vBp2cc_0
148,"위기에 빠진 동물 구출하기 7! 어린이 동물 만화,  동물 이름 외우기, 컬렉타피규어ㅣ꼬꼬스토이",https://youtube.com/watch?v=jACr8_z8-zk
149,우크라이나 동물구조작전 (KBS_257회_2022.04.09.방송),https://youtube.com/watch?v=H-v1T95d2Qg
150,[엄마 까투리 한글놀이] 입이 큰 하마 🦛 | 자연관찰 | 동물도감,https://youtube.com/watch?v=hwdauDJj3sk
151,100마리가 넘는 동물 친구와 함께 놀자! 유라가 찾아가기 선물상자 슐라이히 동물 피규어 친구만나기  [유라],https://youtube.com/watch?v=yTF-FDbJIZQ
152,"[ENG CC] ⓛ대학 동물병원의 긴급한 72시간, 동물과 함께 산다 [다큐 3일]",https://youtube.com/watch?v=X60zNo9R1nY
153,"핑크퐁 BEST 동물 동요 100분ㅣ★상어, 사자, 코끼리, 숨바꼭질 외 인기동요 총집합★ㅣ정글 바다 초원의 동물 친구들이 모두 모였어요!ㅣ+모음집ㅣ동물 동요ㅣ핑크퐁! 인기동요",https://youtube.com/watch?v=AOngWAA8q_g
154,떠돌이 강아지를 사랑한 소녀.. 해피엔딩인 줄 알았는데 (헬프미엔딩ㅋㅋ)ㅣA Girl Turned Doggo’s Life Upside Down,https://youtube.com/watch?v=MtXlKRMxXGg
155,자연에서 뛰노는 귀여운 동물들을 만나요! 대관령 주주파크 알파카 동물 체험,https://youtube.com/watch?v=fisE4W7auKU
156,[동물농장] '아기동물들의 성장기' / 'Animal Farm' Review,https://youtube.com/watch?v=PA2PitSuaL4
157,"한국어ㅣ우리집 상자 속 동물 장난감 컬렉션, 동물 이름 맞추기, 컬렉타 피규어ㅣ꼬꼬스토이",https://youtube.com/watch?v=TGcdpZwJcu8
158,[#유퀴즈온더블럭] 大동물의 아버지 수의사 자기님이 이야기하는 소를 편애하시는 이유? 소들만이 가지고 있는 XX?  EP90 | #디글 | CJ ENM 210120 방송,https://youtube.com/watch?v=0AJ-ac6zY7M
159,기내에 반려동물을 몰래 데리고 타는 방법 || 123 GO! 가 준비한 무엇이든 숨겨 들어가는 재미있는 아이디어,https://youtube.com/watch?v=H53tWoapMaA
160,생방송 중 반려견 학대…동물학대 국민청원 / KBS뉴스(News),https://youtube.com/watch?v=7qwfORdf85o
161,꿀꺽송 | 동물송 | 개구리 뱀 파리 | 깨비키즈 KEBIKIDS,https://youtube.com/watch?v=3iUnxMN2zLM
162,동물 동물종류 동물들 키즈 교육 동물이름 animals name English korean,https://youtube.com/watch?v=NUwvN743Uw4
163,Learn Farm Animals Wild Zoo Animals Names In English Korean. 농장동물 동물원동물 야생동물 물놀이이름 배우기 영어.,https://youtube.com/watch?v=OEwTwlkgjD8
164,정말로 야생동물이 지나갈까? 60일 동안 관찰해봄,https://youtube.com/watch?v=Cfzt-pLB49M
165,"니캉내캉, 살아가고 사랑하고 [동물극장 단짝] | KBS 220514 방송",https://youtube.com/watch?v=LTbLhhQuhUA
166,스터디윗미 study with me | 같이 공부해요 | 동물의 숲 (Animal Crossing : Wild World) BGM 피아노 모음,https://youtube.com/watch?v=PtgeFwVYyfg
167,페르시안고양이를 구해줘 | 마크의 동물병원 | 고양이 | 애완동물 | 동물치료 | animal hospital | 깨비키즈 KEBIKIDS,https://youtube.com/watch?v=9vKlrJMXELo
168,상대를 잘못 건드린 40마리의 동물들!,https://youtube.com/watch?v=W7cnpk21GQI
169,"한국어ㅣ배고픈 사자 이야기2, 어린이 동물 만화, 동물이름 외우기ㅣ꼬꼬스토이",https://youtube.com/watch?v=aREPWSIkNjE
170,🙈🙉까꿍! 파충류 동물친구ㅣ자연관찰ㅣ대교 노리QㅣBabies&KidsㅣPikaboo! Animal friendsㅣDaekyo noriQ,https://youtube.com/watch?v=25ig6wrVsU4
171,갈색털이라고 다 똑같은게 아니다냥!,https://youtube.com/watch?v=Bhv2Gez7awI
172,블라드와 니키는 애완 동물을 교환 | 아이들을위한 재미있는 동영상,https://youtube.com/watch?v=GC3v6Gh27FA
173,"빠라빠빠 동물흉내 | 오리와 코끼리, 원숭이 흉내를 내봐요 | 핑크퐁 체조 | 핑크퐁! 인기동요",https://youtube.com/watch?v=VvlHAmVMIxk
174,"[미니특공대] 놀이 | 컬러+세차+동물 놀이 | 동물 구출 , 컬러 아이스크림 등! | 인기 놀이 모아보기 | 미니특공대 3D놀이!",https://youtube.com/watch?v=o263rvBqAVM
175,[놀이] 슈퍼잭과 함께 바다동물 목욕놀이 l 목욕놀이 l 바다생물 l 장난감놀이 l 바다동물 이름 배우기,https://youtube.com/watch?v=7SGCUyTFb1E
176,운명처럼 만난 강아지 조코와 기윤 씨 [동물극장 단짝] | KBS 220514 방송,https://youtube.com/watch?v=b7YVDVVc2qc
177,뽀롱뽀롱뽀로로 우리 아이 첫 스티커 놀이북 동물,https://youtube.com/watch?v=hhqJS7cHHGg
178,멋진 동물로 변신해요!🪄 | 아기상어 변신놀이 시리즈 | 상어가족 인기 동요 | 핑크퐁! 아기상어 올리,https://youtube.com/watch?v=TPpJ1jJ38gs
179,무인도에서 반려동물들과 함께 하는 삶 (92년생 총각과 13마리 댕냥이) 무인도그 리턴즈 EP-36,https://youtube.com/watch?v=7vntQybiV6A
180,★짐승친구들 시즌3 완결 기념★ 짐승친구들 몰아보기,https://youtube.com/watch?v=UE1sPvmOQW0
181,마이 리틀 포니 | 애완동물 대회! | 마이 리틀 포니: 우정은 마법,https://youtube.com/watch?v=YqHhqhTfW0g
182,★베스트 동요 1시간 연속재생★ 아이들의 베스트셀러 자동차와 동물이 만났다! | 주니토니 by 키즈캐슬,https://youtube.com/watch?v=DNhRWPjAFUU
183,"한국어ㅣ악어로부터 도망치기 2, 동물 이름 외우기, 어린이 동물 만화ㅣ꼬꼬스토이",https://youtube.com/watch?v=bN3tNdxmQbY
184,아빠들 특 : 말로는 동물 싫다면서 제일 예뻐함,https://youtube.com/watch?v=QHt02siArPQ
185,"💊의사 선생님 외 병원놀이 동요 | 동물 병원, 아기 돌보기 | 어린이 인기동요 모음집 | 꼬마공룡 코코비",https://youtube.com/watch?v=tBfOu5HSUDg
186,유라 수의사와 토니 간호사의 병원놀이! 키자니아 동물병원 의사놀이  [Yura],https://youtube.com/watch?v=ylyFhLQe6-0
187,[SUB] 책에서 본 동물을 실제로 본 루다의 반응?🦒 (에버랜드 로스트 밸리 스페셜 투어🚙),https://youtube.com/watch?v=gBRSMxNvJx0
188,1%의 확률을 넘은 생명의 기적! 소 쌍둥이 출산 순간 #TV동물농장 #AnimalFarm #SBSstory,https://youtube.com/watch?v=o-BeBEGcWJM
189,[TV 동물농장 레전드] 밝혀지는 숨겨진 비밀! 🐶돌아온 복실이와 감동의 재회 #TV동물농장 #AnimalFarm #SBSstory,https://youtube.com/watch?v=nZKt-0PMDeM
190,동물 그림으로 알아보는 재미있는 MBTI 성격유형 테스트 [ 두뇌운동 | 심리테스트 | 성격테스트 ],https://youtube.com/watch?v=QbtW6Z-kz5w
191,860와트 전기 쇼크를 당한 악어! 깜짝 놀랄 만한 동물들!,https://youtube.com/watch?v=Fr1yfTrInoI
192,"쪼꼬미 동물병원 8화 (내원환자 : 드워프햄스터 두부님)ㅣAnimal Hospital for Tiny Animals Ep 8 (Patient: Dubu, Dwarf Hamster)",https://youtube.com/watch?v=nLzPsYyVD6w
193,용기에 관한 모든 것 🤭 크기는 중요하지 않습니다 😜 재미있는 동물 편집,https://youtube.com/watch?v=p789cYGj1ac
194,(결말포함) 반려동물 키운다면 꼭 봐야할 1순위 영화 리뷰 I 감동주의,https://youtube.com/watch?v=wCuBQU7XjK8
195,쏟아지는 귀여움에 편집자 기절...♥ ‘아이X반려동물’ 모음집 I TV동물농장 (Animal Farm) | SBS Story,https://youtube.com/watch?v=wGMwDY8lCaM
196,[동물나라] 육상동물｜동물이름｜어린이동물공부｜동물공부｜영어이름,https://youtube.com/watch?v=-1KwTPUGt5o
197,사자 vs 하마 | 동물배틀 | 동물만화 | 밀림의 왕 | 동물의 왕 | 입이 큰 동물 | 깨비키즈 KEBIKIDS,https://youtube.com/watch?v=e0trqBuI83k
198,사람 친구를 구해주는 진짜 개 멋있는 동물들,https://youtube.com/watch?v=Ug7UypuOBms
199,전세계 10명 밖에 없다는 동물 의족 제작자 만나봄｜크랩,https://youtube.com/watch?v=BQ-QY8bsEfc
200,창조신이 대충만든 새끼동물 월드컵,https://youtube.com/watch?v=SYbSXjn3GOU
201,일단 이름을 짱구라고 부르고 있는데요 모르는 강아지입니다ㅣSecret Of Dog That Has A Human-like Brows,https://youtube.com/watch?v=7fUZW71NoiA
202,"Learn Sea Animals, Farm Animals, Zoo Animals name English korean! 바다동물, 농장동물 동물원동물 이름 배우기 영어",https://youtube.com/watch?v=TCTm4IIbvX8
203,“부엉이가 익사?” 폭우에 죽을 뻔한 동물들 구한 썰 / 스브스뉴스,https://youtube.com/watch?v=f2_DKsnsLVI
204,이상할정도로 다리가 퉁퉁부어 병원에 간 고슴도치.. 충격 결과ㅣHedgehog Went To The Hospital With Swollen Feet.. Shocking Result,https://youtube.com/watch?v=1zJ5tMF4YkI
205,300명을 잡아먹고도 잡히지 않은 식인 동물,https://youtube.com/shorts/WCQfOWb1qZo
206,사자 vs 호랑이 | 동물배틀 | 동물만화 | 초원의 왕 | 동물의 왕 | 밀림의 왕자 | 숲속맹수 | 깨비키즈 KEBIKIDS,https://youtube.com/watch?v=TA0kPmNLRvQ
207,야생동물 겨울나기 고군분투기! / 환경스페셜 ‘얼음왕국의 생존자’ / KBS 20080402 방송,https://youtube.com/watch?v=toM_5p1BWXY
208,10시간☆반려동물을 편안하게 해주는 음악과 백색소음 ★중간광고없음★ [24시수동물병원],https://youtube.com/watch?v=Ot_ipiWPM6E
209,수족관에서 바다친구를 만나요🐟🐠🐡 | 아쿠아리움 | 상어 🐋 돌고래🐬 거복🐢문어🐙 | 동물동요 | 가족노래 | 슈퍼죠죠 인기동요 | Super JoJo,https://youtube.com/watch?v=KwBbo20daHU
210,"동물의 왕은 과연 누구일까?? 힘센 동물을 소개합니다, 동물이름 맞추기, 어린이 한글공부, 컬렉타ㅣ꼬꼬스토이",https://youtube.com/watch?v=ttAqR0ag7AY
211,지금까지 만든 미니어쳐 동물세트를 몽땅 모아보았다 !!,https://youtube.com/watch?v=dtxWX4z_pCA
212,"잔혹한 동물의 세계,산채로 먹는 맹수들 비위약하신분 클릭금지",https://youtube.com/watch?v=VGbFZ8nceo4
213,[습루션:동물농장 처방전] 2년 동안 안을 수 없었던 상처 많은 유기견 구리 #TV동물농장 #AnimalFarm #SBSstory,https://youtube.com/watch?v=17GZPrckkjg
214,한 평생 구애만 하다 죽게 되는 동물,https://youtube.com/watch?v=PA4dwan_au0
215,"[모아보기] 동물 시트콤의 원조, 응도를 기억하시나요?｜시즌1｜KBS 2002년 방송",https://youtube.com/watch?v=bsl8DtrSSdc
216,착한 생각 동물들,https://youtube.com/shorts/sGYod9oUJxU
217,산소가 없어도 살아남을 수 있는 동물,https://youtube.com/watch?v=rhcxVKuRFIM
218,[내연동물] 개남친,https://youtube.com/watch?v=LKkvo2YEuZU
219,[재미진 영상] 인간을 사랑하는 동물들!,https://youtube.com/watch?v=EqKzsoR75jM
220,사람과 유사한 방법으로 스스로 목숨을 끊은 동물들 [미스터리],https://youtube.com/watch?v=yRI6KWSX9fU
221,동물도 동성애를 할까요? [최재천의 아마존],https://youtube.com/watch?v=i1xnGwTzN9E
222,[TV 동물농장 레전드] ‘사고뭉치 백설기 15남매’ 풀버전 다시보기 I TV동물농장 (Animal Farm) | SBS Story,https://youtube.com/watch?v=42fvJ5skggc
223,귀여운 동물들이 장미꽃을 주는 척 강제로 돈을 훔쳐간다면?ㅋㅋㅋㅋㅋㅋㅋㅋㅋ,https://youtube.com/watch?v=avUPOgpFgvc
224,"동물 꼬리 찾기 | +모음집 | 내 꼬리가 없어졌어! 핑크퐁 친구들이 도와줘요 | 누구 꼬리일까?, 아기상어 꼬리 찾기 외 | 동물 동요 | 핑크퐁! 인기동요",https://youtube.com/watch?v=kbzrPha0PKs
225,"한국어ㅣ아빠에게 선물받은 동물 장난감 컬렉션!, 어린이 동물 만화, 동물 이름 외우기ㅣ꼬꼬스토이",https://youtube.com/watch?v=ADPH-O7IDnw
226,헬로카봇 4마리 동물 로봇 변신 장난감 놀이 Hello Carbot 4 Animals Robot Transformation Toys Play,https://youtube.com/watch?v=eAZ9LqCavBY
227,꼬모 | 아이스크림 속 동물 찾기 | 누리과정 | 의사소통 | 말하기 듣기 | 영어단어 배우기,https://youtube.com/watch?v=KMZPajjjgFw
228,뽀로로 동물 | 3화 야생 동물들을 찾아서 | 뽀로로 랜선동물원 투어! | 방구석 소풍 여행 | 동물원 구경해요!,https://youtube.com/watch?v=IZLNCLXCKbA
229,귀엽지만 때론 위험한 동물들 10선,https://youtube.com/watch?v=wEkWR-6aOcg
230,맹수에게 새끼를 잃은 동물들의 충격적인 복수 방법 TOP6,https://youtube.com/watch?v=7lDDDU76zds
231,동물원의 동물은 출퇴근 시간을 안다?!! 퇴근시간 지나자 반응 💢｜KBS 애니멀 스펀지 060617 방송,https://youtube.com/watch?v=uwgqtc-6tXk
232,당신의 영적 동물은 무엇인가요? 성격 테스트,https://youtube.com/watch?v=_Cx3NLoSRy8
233,[TV 동물농장 레전드/SUB] 태범×무궁 독립시키고 육아의 달호가 된 ‘건곤이’와 ‘아기 호랑이 5둥이’🐯풀버전 다시 보기 #TV동물농장 #AnimalFarm #SBSstory,https://youtube.com/watch?v=kVJpc9SWVlw
234,[멸종위기동물 구조대] 오동,https://youtube.com/watch?v=AKmopy1CmBw
235,동물 치유 간접 체험! 말이랑 놀면서 치유받는 홀스테라피 Horse therapy experience,https://youtube.com/watch?v=-YLUkVDtGfE
236,뱀이 아파요! ♥ 출동! 동물구조대 펭귄 라마 강아지 동물보호 Animal Hospital Pretend Play [애니한TV],https://youtube.com/watch?v=PG6nANexgOA
237,포메라니안을 구해줘 | 마크의 동물병원 | 애완견 | 강아지 | 동물치료 | animal hospital | 깨비키즈 KEBIKIDS,https://youtube.com/watch?v=0KD64Y-0qeU
238,멸종 위기 동물을 보호해요 | 🌏지구가 아프대! 🐼동물 친구들이 위험해! | 동물동요 | 초록초록 지구 | 환경동요 | 주니토니 | JunyTony,https://youtube.com/watch?v=BKE42eh-C1k
239,특별한 동물들을 잡아요!! 로블록스 탁주 쪼꼬,https://youtube.com/watch?v=fbMvabFnNb4
240,다이아나와 로마는 장난감 동물들과 놀아요! Kids play with toy animals,https://youtube.com/watch?v=Xt7BhI_apBg
241,[TV 동물농장 레전드/SUB] 🦅 걸어 다니는 흰머리수리?? 소심쟁이 백설이의 맹금 클리닉!#TV동물농장 #AnimalFarm #SBSstory,https://youtube.com/watch?v=B-iR2HVEarU
242,"[동물다큐 풀버전] 94세 할머니와 사람'만' 따르는 아기염소 빽빽이｜아흔넷, 빽빽이 엄마 KBS 방송",https://youtube.com/watch?v=mVLkugpapPs
243,반려동물을 몰래 바다에 데려가보기! 재밌는 장난들과 반려동물 팁!,https://youtube.com/watch?v=3mfI0GOiRGc
244,[TV 동물농장 레전드/SUB] 🐱캣은 캣인데... 조금 커요;; 의외로 온순한 녀석 사바나캣 #TV동물농장 #AnimalFarm #SBSstory,https://youtube.com/watch?v=pUaw1zhfL9k
245,나.. 수달 좋아하네? 큐티뽀짝 동물농장 수달 모음 I TV동물농장 (Animal Farm) | SBS Story,https://youtube.com/watch?v=q5WSitRyhtM
246,콩순이와 동물친구 시리즈ㅣ추석특집 묶음ㅣ콩순이와ㅣ30분 이어보기,https://youtube.com/watch?v=gGoQ6_m9lJA
247,Five Finger Family Animals kids Song-Nursery Rhymes & Kids Songs 동물 핑거송 유아동요 키즈송 다니핑거송 다니유치원,https://youtube.com/watch?v=GHT977zlVFQ
248,(여자)아이들 우기 X 이사배 🦒우기린🦒 되어 동물 친구들과 춤 판 벌였습니다 🎵 | (G)I-DLE YUQI | 런웨이 (LEARN WAY) EP.24,https://youtube.com/watch?v=orYDE9RekYM
249,[TV 동물농장 레전드/SUB] 😳너는 어디서 왔니? 사랑 할 수 밖에 없는 강아지 ‘수정이’ 💕 #TV동물농장 #AnimalFarm #SBSstory,https://youtube.com/watch?v=YHoVPY5qQX4
250,"동물친구들 ,안녕-동물 자연상식BabyBus Kids Games",https://youtube.com/watch?v=vLHk6-E-VII
251,핑크퐁 동물 가방 스티커북 ㅣ 장난감 놀이ㅣ 사자 호랑이 코끼리 판다 기린 코뿔소 펭귄 북극곰 토끼(Pinkfong animal sticker toys)💖[토이천국],https://youtube.com/watch?v=PJW8cQt0cnQ
252,[구독자요청❤️]뛰어난 지능과 타고난 신체 조건! 😦생존 능력 만렙! 갯과 동물들의 비밀ㅣ갯과 동물 대백과 1 #ZDF #FULL (KBS1 20210824 방송),https://youtube.com/watch?v=g00pOgstdHI
253,동물 수송 트랙터 장난감 자동차,https://youtube.com/watch?v=aUIblm_Cd1U
254,[크큭티비] 개그콘서트 달인 : 583회 애완동물의 달인 '사료' 김병만 선생,https://youtube.com/watch?v=goEgDxaayE4
255,[SUB] 고급 외제차보다 몸값 높은 파충류🦎가 있다고ㄷㄷ!? 동물탐정도 놀란 넘사벽 파충류들🐍 직접 만났습니드아아악ㅣ예나는동물탐정 EP.06,https://youtube.com/watch?v=UiIhCh5dq8w
256,동물 구출 대작전! | 으앙! 감옥에 갇힌 동물들을 구해줘! | 동물 놀이 | 모양 놀이 | 티디키즈★지니키즈,https://youtube.com/watch?v=tExPKxbPqY4
257,[멸종위기동물 구조대] 나무 순록,https://youtube.com/watch?v=RuwreOGKHFg
258,[멸종위기동물 구조대] 개새,https://youtube.com/watch?v=JgAfTV6ol1A
259,10초 안에 동물 1마리를 찾으면 당신은 신의 눈썰미!!,https://youtube.com/watch?v=rX0DjhnGg_s
260,아이들 인기 최고 동물동요 37분 모음집 ♪ | 어린이 율동동요 모음 | 인기동요 연속듣기★지니키즈,https://youtube.com/watch?v=mPU_I3L-9R8
261,[동물다큐] 초대형 고래상어와 바다 청년 준준. 둘의 우정은 어떻게 시작된 것일까? l KBS 걸작다큐 180326 방송,https://youtube.com/watch?v=LJ762GDZje0
262,와..얘네는 동물농장 나가야하는거 아닌가요? [반려동물 자랑대회2],https://youtube.com/watch?v=CkfG-74Voqs
263,진짜 특이하게(?) 생긴 동물 11종 !,https://youtube.com/watch?v=WMFqyicedaI
264,"배고픈 킹코브라 이야기, 어린이 동물 만화, 동물 이름 외우기ㅣ꼬꼬스토이",https://youtube.com/watch?v=mh-QFraBD8s
265,"동물 동요 모음 | 기린송, 코끼리송, 코알라송 외 17곡 | 동물 동요 | + 모음집 | 핑크퐁! 인기동요",https://youtube.com/watch?v=KnBsLdW1z1w
266,[멸종위기동물 구조대] 화살개꿀이,https://youtube.com/watch?v=ZPiPf7snVfY
267,"물에 빠져 죽을뻔한 독수리 구조해주자 , 반응 ㅣ 감동실화",https://youtube.com/watch?v=T4ru_0wTDOM
268,[관찰] 동물들은 세상을 어떻게 볼까?,https://youtube.com/watch?v=mWixWYRMqs0
269,"모동숲, 동물들의 데이트 장소 만들기 🍽 | 해피홈",https://youtube.com/watch?v=StKmGNikcwQ
270,바다 탐험대 옥토넛 - 봄맞이 특집 | 알에서 태어나는 동물 특별편 - 모음집,https://youtube.com/watch?v=cIxz9Yah_m8
271,충격적인 비밀이 밝혀져 폐쇄당한 동물원 TOP3,https://youtube.com/watch?v=COksk1q__To
272,"[동물다큐 풀버전] 유기견을 구조하며 사는 해원씨, 말 안 듣는 포메 강산이 훈련을 보내는데..｜강산에 진달래 KBS 방송",https://youtube.com/watch?v=eVnl4zrLvqI
273,현실 세계에 존재하는 특이한 잡종 동물 Top 10,https://youtube.com/watch?v=h6163AJSMYk
274,[TV 동물농장 레전드/SUB] ‘초보 엄마 봉이와 진도 10남매’ 풀버전 다시보기 #TV동물농장 #AnimalFarm #SBSstory,https://youtube.com/watch?v=ADux0rN8G68
275,[SUB] 추리보다 해명이 시급한 보조탐정 민주👋 드디어 동물노..ㅇ.. 아니 동물탐정에 왔습니다! 오늘의 추리는?ㅣ예나는동물탐정 EP.16,https://youtube.com/watch?v=x61aFCxk-Yg
276,"바다 동물 동요 모음집 | 바닷속 동물들 함께 모여 노래해요! | 상어, 가오리, 바다거북 외 | 동물동요 | 해양생물 | +모음집 | 핑크퐁! 인기동요",https://youtube.com/watch?v=1QK3JPLMp8c
277,"우리집 동물이 자라고 있다 2, 동물 이름 외우기, 어린이 동물 만화ㅣ꼬꼬스토이",https://youtube.com/watch?v=yYCfOKRstMY
278,죠죠 동물송 | 귀여운 농장 친구들 | 동요모음 | 슈퍼죠죠 | Super JoJo,https://youtube.com/watch?v=krz8pzGNUOc
279,[멸종위기동물 구조대] 내레이션,https://youtube.com/watch?v=AgRcXW1rsnc
280,아기 고양이 구출 했는데 절대 만지면 안된다고요...? 무슨일이죠? 동물 흔한 가족 일상 | 말이야와친구들,https://youtube.com/watch?v=U9OkHQ0m0mI
281,영리한 반려동물 주인을 위한 영리한 팁과 도구들,https://youtube.com/watch?v=Q-KYYVIH_T4
282,인간에게 도움을 요청한 동물들,https://youtube.com/watch?v=0fBfuUGhMU4
283,카멜레온 킴의 화려한 변신 (상) | 티파니의 동물병원 | 깨비키즈 KEBIKIDS,https://youtube.com/watch?v=5MAd6yVzlf4
284,계룡산에서 우연히 잡힌 이 동물은 늑대일까? 개일까?,https://youtube.com/watch?v=SoeuLJVUjvc
285,보지 않고는 믿지 못했을 동물원에서의 15가지 순간들,https://youtube.com/watch?v=Z-H_cqQIszA
286,"Sub) 반려동물 털로 특별한 목걸이 만들기💎거실 울타리 제거, 달콤바삭 크렘브륄레, 에너자이저 콩알이와 끊임없이 노는 일상 | CozyDay",https://youtube.com/watch?v=1U2PwO2uWaQ
287,까꿍! 동물친구ㅣ자연관찰ㅣ악어ㅣBabies&KidsㅣPikaboo! Animal friendsㅣCrocodileㅣDaekyo noriQ l 대교 노리Q,https://youtube.com/watch?v=aHxNanco70g
288,[동물다큐] 다치고 위험에 노출된 야생동물들을 자연으로 돌려보내려는 사람들👨‍⚕️👩‍⚕️ l KBS 이유인즉슨 190928 방송,https://youtube.com/watch?v=1vA3Bh8o6jY
289,개과 동물과 고양이과 동물들의 치열한 싸움,https://youtube.com/watch?v=6pEgcZ1LMRI
290,롤 동물특공대라구 20만원어치 질렀습니다..,https://youtube.com/watch?v=J3IXFhgJ9iA
291,방탄과 동물 친구들/ BTS with Animals Cute moments,https://youtube.com/watch?v=YdSIxHXiT9U
292,Best Funny Animal Videos Of The 2022 🤣 - Funny Farm And Wild Animals Videos 🐴🐻,https://youtube.com/watch?v=s_eVXpy9O6E
293,동물의 왕 사자 | 동물동요 | 핑크퐁! 인기동요,https://youtube.com/watch?v=M2cgndHuG04
294,"멸종된 동물과 공룡이 싸우면 과연 누가 이길까? 27화 (동물팀은 스밀로돈, 켈렌켄, 다에오돈, 공룡팀은 니게르, 파랄리티탄, 스피노사우루스) 컬렉타 피규어, 공룡대탐험",https://youtube.com/watch?v=mMqmk8J6N6I
295,말하는 천재견 뭉이만큼 똑똑한 천재 동물 Best 7 ｜KBS 방송,https://youtube.com/watch?v=FltLFyrPVUo
296,"동물들이 독버섯을 먹으면 어떻게 될까?, KBS 151012 방송",https://youtube.com/watch?v=94MsxqKFs6g
297,ABC 동물 기차 | 동물동요 | 핑크퐁! 인기동요,https://youtube.com/watch?v=zL3wDgBPjDo
298,구독자의 반려동물들과 만났습니다 [반려동물 자랑대회],https://youtube.com/watch?v=NUVhDxd9mxc
299,[TV 동물농장 레전드/SUB] 사실... 사람이 아닐까? 싶은 천재견 하늘이🐶 손님맞이부터 마감까지 척척! #TV동물농장 #AnimalFarm #SBSstory,https://youtube.com/watch?v=mI2x_QJzUkg
300,BEST 자동차동요 X 동물동요 모음집 60분 ♪ | 동요연속듣기 | 티디키즈★지니키즈,https://youtube.com/watch?v=0r6wF9Fp8GQ
301,[멸종위기동물 구조대] 돼린이,https://youtube.com/watch?v=YmqHET0v4KU
302,[TV 동물농장 레전드/SUB] 💛귀염뽀짝 사막여우 마을 but 무자비한 그들의 사랑 전쟁? 💔#TV동물농장 #AnimalFarm #SBSstory,https://youtube.com/watch?v=3TjqMsmZOVA
303,말썽꾸러기지만 사랑스러운 꿀돌이와 꿀순이♡ #TV동물농장 #AnimalFarm #SBSstory,https://youtube.com/watch?v=JlERxnpLGss
304,동물원에 왔어요 🐾 | 동물 공부 | 나들이 노래 | 악어 🐊 사자 🦁 기린 🦒 코끼리 🐘 | 동물송 | 리틀엔젤 인기동요 | Little Angel,https://youtube.com/watch?v=zjBjDx5dWQc
305,[NEW!] 동물 노래 | 라바키즈 | 동물원에 가요 | 실사애니메이션 | 인기동요,https://youtube.com/watch?v=Tp3DVIWCYVM
306,3분만에 강아지 키우고 싶어지는 틱톡 댕댕이 영상ㅋㅋㅋㅋㅋㅋ♥ 너무 귀여워...ㅜㅜ,https://youtube.com/watch?v=TwzkanNbGEg
307,[TV 동물농장 레전드/SUB] ‘엄친아犬 차돌이 친자 미스터리’ 풀버전 다시보기 #TV동물농장 #AnimalFarm #SBSstory,https://youtube.com/watch?v=nuNAiBJvEug
308,두 사나이의 청산별곡 [동물극장 단짝] | KBS 220514 방송,https://youtube.com/watch?v=xTdPVAFSMPg
309,겁나귀여운 창노사 동물특공대 출동~!!,https://youtube.com/watch?v=jB18JSPp96o
310,[TV 동물농장 레전드] 심부름에서 야바위까지~ ‘천재견 로또’ 풀버전 다시보기 I TV동물농장 (Animal Farm) | SBS Story,https://youtube.com/watch?v=srAJr5qzlvo
311,"강아지 박사 강형욱, 동물 박사 최재천! 동물은 알아도 사람은 어렵다? 퀴즈 대결 2탄! [최재천의 아마존]",https://youtube.com/watch?v=It24RWs1ctY
312,동물을 사랑하는 남자,https://youtube.com/watch?v=sn4SHcAA8u4
313,강한 자만 살아남을 수 있는 냉정한 동물들의 세계ㅋㅋㅋㅋㅋㅋㅋㅋㅋㅋㅋㅋㅋ,https://youtube.com/watch?v=3A_EIMzwG4M
314,동물로 변신! 🐶 함께 춤춰요 | 동물얼굴 🖌️ | 동물소리 | 색깔 🎨 | 고양이 🐱 호랑이 🐯 소 🐮 쥐 🐭 개 | 리틀엔젤 인기동요 | Little Angel,https://youtube.com/watch?v=AJ0Ns8_tCUY
315,[동물나라] 바다동물｜동물이름｜어린이동물공부｜동물공부｜영어이름,https://youtube.com/watch?v=G4YNpc4gO_I
316,키우는 동물들 전부 보여드리겠습니다,https://youtube.com/watch?v=lIwVRcguBCM
317,동물들에게 마술을 보여주면 생기는 일,https://youtube.com/shorts/pyUgRo_gdXc
318,얘네가 아직도 동물로 보이십니까?,https://youtube.com/watch?v=7kf3IOQxyZU
319,동물들의 말이 들린다면,https://youtube.com/watch?v=A_HYENKvLYw
320,미스터리하고 기묘한 동물 실화들ㅣ1월의 몰아보기,https://youtube.com/watch?v=W5SP8jfU7wY
321,《신비한 동물사전》 당신이 몰랐던 몇 가지 비밀들,https://youtube.com/watch?v=twQLApel-Ko
322,세상에서 가장 비싼 레고 동물 피규어 TOP10,https://youtube.com/watch?v=X7G-T-jDrNY
323,🐣너는 어떻게 태어났니? 신기한 동물 동요 모음집 | 알을 낳는 동물과 포유류 외 | 꼬마공룡 코코비,https://youtube.com/watch?v=sZm4h2dARio
324,동물을 괴롭히는 동물학대범을 발견! 무서운 동물들이 가득한 방안에 넣어 고문시키기! [마인크래프트],https://youtube.com/watch?v=DDj5DuHBQ8A
325,동물농장에 나왔던 목에 파이프 낀 고양이 놀라운 근황 | Amazing news about the cat with a pipe in its neck,https://youtube.com/watch?v=ev3MjOH1Pb8
326,꼬리 찾기 | 동물동요 | 핑크퐁! 인기동요,https://youtube.com/watch?v=U_DXjawVb4U
327,동물병원이 새로 오픈했어요!! 밀크 동물병원~!! 믿을수 있을까??,https://youtube.com/watch?v=6lkzXza8xp4
328,우리집 애완동물 자랑하기,https://youtube.com/watch?v=zgcvxcWpeSo
329,[동물다큐] 자식을 지키기 위해 산짐승과 싸운 어미 진돗개｜지리산 노총각 정돌 (3/4) KBS 150729 방송,https://youtube.com/watch?v=7p6NXFk00xU
330,동물의 왕 사자! 똥 냄새도 왕이라고?! ㅣ사자는 뭘 먹고 어떤 똥을 쌀까?ㅣ세상의 모든 똥ㅣKBS 210602 방송,https://youtube.com/watch?v=MU6aq2leKGQ
331,쫀~득한 크림치즈로 만든 귀염뽀짝 동물 레터링 케이크 / So cute! animal decoration lettering cake - Korean street food,https://youtube.com/watch?v=EfszHFlE2n0
332,가장 귀여운 새끼 동물 월드컵,https://youtube.com/watch?v=msz7iIKdmbc
333,"한국어ㅣ무시무시한 회오리 기린 이야기 2, 동물 만화영화, 동물이름 맞추기ㅣ꼬꼬스토이",https://youtube.com/watch?v=asoNO7zNsnc
334,천방지축 승마장 말썽쟁이 ‘봄이’는 못 말려! #TV동물농장 #AnimalFarm #SBSstory,https://youtube.com/watch?v=4gAE159bLM0
335,"200만 년간의 장마, 그 결과 등장한 동물은?",https://youtube.com/watch?v=kAtfE1rcvq8
336,"[동물다큐] 인생은 인연의 연속, 스님과 절냥이들의 묘한 인연 🐈 l The strange relationship between monks and wild cats",https://youtube.com/watch?v=rIxUzWMnEx4
337,승마장 강아지가 말 똥통에 다이빙한 이유ㅋㅋ (숨 참고.. 똥통 다이브)ㅣDog That Dove Into Horse Manure,https://youtube.com/watch?v=3A6U0zB7W98
338,"아야 배가 아파요! 응가송 모음집ㅣ뿌지직 동물들이 응가할 시간이야, 참지말고 응가해요 외ㅣ핑크퐁 아기상어와 배우는 습관ㅣ생활습관동요ㅣ동물동요ㅣ+모음집ㅣ핑크퐁! 인기동요",https://youtube.com/watch?v=GvBNOjSr8RI
339,"알면 알수록 기묘한 동물, 문어! (feat. 문어의 지능과 진화)",https://youtube.com/watch?v=Xqgnqv7Yx4M
340,[뉴스.zip / 뉴스 모아보기] 희귀한 동물은 다 모았다!! 전 세계에서 발견된 희귀 동물 모음.ZIP (MBC뉴스),https://youtube.com/watch?v=1OBh3e4xXq0
341,가족 모두에게 마법 능력이 생긴다면... 얼굴 변신 능력?! 동물 대화 능력?! ㅋㅋㅋㅋ 엔칸토: 마법의세계 디즈니 말이야 흔한 가족 일상 | 말이야와친구들,https://youtube.com/watch?v=dkGi_I1jCsM
342,반려동물과 이별할 준비가 되었나요? / Hello Jadoo / ENG / KOR,https://youtube.com/watch?v=2A26AGMgUak
343,[멸종위기동물 구조대] 곰쥐,https://youtube.com/watch?v=2xXxHvx-8T4
344,도망가는 솜씨는 초식동물이 이겼어!  #Shorts 【홀로라이브-와타메】,https://youtube.com/shorts/X_yp24rbhX4
345,동물 따라 춤춰요 ♪ | 동물 흉내 | 율동동요 | 동물동요 | 티디키즈★지니키즈,https://youtube.com/watch?v=r4Qe6lfeNEc
346,놀러오세요 동물의 숲 (Animal Crossing : Wild World) BGM 31 피아노 모음 1 Hour Piano 31 song Piano Compilation,https://youtube.com/watch?v=I7G31t9TluE
347,[TV 동물농장 레전드/SUB] 💛시선집중 매력 덩어리💛킥보드 타는 곰 새콤이🐻 #TV동물농장 #AnimalFarm #SBSstory,https://youtube.com/watch?v=TdBim7FsxBc
348,뛰고 놀아요 | 안전교육 | 동물 | 역할놀이 | 동요모음 | 슈퍼죠죠,https://youtube.com/watch?v=1o_5jiT2fO4
349,멸종위기동물 1급을 버릴뻔했다는 유튜버 사연이 기가 막히네요ㄷㄷ,https://youtube.com/watch?v=nI6s7Pk0RyY
350,동물 학대 [병맛더빙/사이다툰/참교육],https://youtube.com/watch?v=ICEqzwF6_C0
351,경찰 정말 애완 동물을 갖고 싶어,https://youtube.com/watch?v=vdTdvsUpr4I
352,동물의 숲 너굴의 숨겨진 과거?! 업데이트 된 새 캐릭터까지?,https://youtube.com/watch?v=qQpR8b-bqbA
353,"'신비한 동물사전 1,2편' 한번에 보기! '마법사'가 '포켓몬GO'에 미치면 발생하는 일!!",https://youtube.com/watch?v=3ZP-QWtDJ2Q
354,"최고급 요리가 나올 때마다 손님이 실종되는 ""기괴한 동물인간 호텔""...",https://youtube.com/watch?v=j9IIECpofok
355,[밀착카메라] 관람객 즐거움은 '잠깐'…갇힌 동물 고통은 '평생' / JTBC 뉴스룸,https://youtube.com/watch?v=v_KhXdPI01Q
356,치와와를 구해줘 | 마크의 동물병원 | 강아지 | 애완견 피부병 치료 | 애완동물 | 동물치료 | animal hospital | 깨비키즈 KEBIKIDS,https://youtube.com/watch?v=P7vAqhMwHf4
357,수족관 색깔달걀 놀이 | 색깔놀이 | 동물송 | 슈퍼죠죠 인기동요 | Super JoJo,https://youtube.com/watch?v=WEufEO9mNfU
358,짱구네가 동물이 됐다ㅋㅋㅋ[떡잎 야생왕국],https://youtube.com/watch?v=gwYFA37ejfA
359,세상에 단 하나뿐인 반려동물 데려왔습니다ㅋㅋㅋㅋㅋㅋ,https://youtube.com/watch?v=IiSI_W2RWJg
360,동물농장 ‘인싸 고양이’ 총출동! 사랑스러운 인싸냥 모음 I TV동물농장 (Animal Farm) | SBS Story,https://youtube.com/watch?v=cDtTbN8t-K4
361,"귀엽다고 막 키우면 안돼요~~ 멸종위기 동물을 키우기 위한 노력, KBS 210316 방송",https://youtube.com/watch?v=8A9TVNWO4pM
362,뽀로로와 율동해요 | 멋쟁이 사자송 | 뽀로로 동물동요 | 뽀로로와노래해요 | 어린이 율동체조,https://youtube.com/watch?v=a6dbAfItb6o
363,[짐승친구들] 동물농장,https://youtube.com/watch?v=hpJSX6aGVGc
364,[TV 동물농장 레전드] ‘몰티즈+허스키=말스키 6남매’ 풀버전 다시보기 I TV동물농장 (Animal Farm) | SBS Story,https://youtube.com/watch?v=E94cNH3rePo
365,[동물다큐] 상처받은 아이들을 평생의 단짝으로 품어준 스물일곱 지훈 씨 l 동물극장 단짝 EP1 l KBS 220121 방송,https://youtube.com/watch?v=jI6XFqbT0mQ
366,후지산이 폭발할 수도 있다고...? 자연재해를 예고하는 동물들🤔  | KBS 스펀지 120706 방송,https://youtube.com/watch?v=0EI22dfvxlQ
367,20년 넘게 몸이 꽉 끼는 수조에 갇혀있는 악어의 사연..,https://youtube.com/watch?v=4TP9_itVYzw
368,"[TV 동물농장 레전드] ‘성대모사 달인, 앵무새 랄라’ 풀버전 다시보기 I TV동물농장 (Animal Farm) | SBS Story",https://youtube.com/watch?v=nYwsHrIYDHM
369,★짐승친구들 완결(?) 기념★ 짐승친구들 몰아보기,https://youtube.com/watch?v=UHZFB56QNBc
370,[동물농장] 상상 초월 특별한 천재견 호야 /  'Animal farm' Review,https://youtube.com/watch?v=ZUEh2THzQcQ
371,[엄마 까투리 한글놀이] 목이 길다란 기린편 🦒| 자연관찰 | 동물도감,https://youtube.com/watch?v=6vwOztzYa7Y
372,동물농장 녹화 전 대기실 상황,https://youtube.com/shorts/qDVEtpl7L2M
373,"[동물다큐 풀버전] 경례하는 길순이와 산골마을 봉화치 노부부의 시트콤같은 이야기｜내 이름은 김길순, KBS방송",https://youtube.com/watch?v=7JLy1Q9UOyY
374,[TV 동물농장 레전드/SUB] 🥰귀염뽀짝 뽀시래기 오남매! 붕어빵 마니아 바둑이의 비밀 #TV동물농장 #AnimalFarm #SBSstory,https://youtube.com/watch?v=KG_C0h2O138
375,"야생곰의 맹렬한 추격과 사생결단 도망. 야생동물에게 먹힐 뻔한 사람들. 야외스포츠에서 곰을 만나는 선수들. 스키와 사이클, 등산 및 아웃도어 스포츠에서 겪는 목숨을 건 긴박한 상황",https://youtube.com/watch?v=XJRAnHT0i9w
376,아무 생각없이 보는 귀엽고 웃긴 동물짤 모음,https://youtube.com/watch?v=g_ZXXjfd-70
377,[내연동물] 불여우 여친,https://youtube.com/watch?v=LSPQijqrfYw
378,[까투리 명장면 Top5] 이게 뭐지? | 엄마까투리 이어보기 | 동물 친구들,https://youtube.com/watch?v=PBF9oRdaES8
379,귀여운 아기동물 모음,https://youtube.com/watch?v=ZxiWshE_Sr0
380,드림 미니게임 🎮 ROUND 2 : 동물의 왕국 | NCT DREAM mini game,https://youtube.com/watch?v=JqIyD6FNuxI
381,[TV 동물농장 레전드/SUB] ✨보기만 해도 힐링✨ 12남매 큐티 막내 끝순이 💕 #TV동물농장 #AnimalFarm #SBSstory,https://youtube.com/watch?v=M14wojnjMe0
382,"[Eng sub] 동물들의 응가송💩 | 이건 누구의 똥일까? | 동물동요 | 코끼리, 토끼, 강아지, 판다, 하마 | 주니토니 by 키즈캐슬",https://youtube.com/watch?v=VAwmk2UYZto
383,역시 동물농장 앵무새는 화가 나있어야 제 맛 l How To Turn An Aggressive Parrot Into A Sweetie Pie,https://youtube.com/watch?v=XcZ8L1872_o
384,"[TV 동물농장 레전드] ‘새끼 물어온 개, 왕서방의 미스터리!’ 풀버전 다시보기 I TV동물농장 (Animal Farm) | SBS Story",https://youtube.com/watch?v=mV-crNN8Evw
385,동물과 인간이 전쟁을 했지만 인간이 발려버렸다,https://youtube.com/watch?v=IQaE18Rba4E
386,좀비시티🧟‍♂️동물 좀비 떼가 나타났다?!🦁🐯,https://youtube.com/watch?v=Z6KZHVRBvow
387,영리한 반려동물 주인들을 위한 영리한 팁들,https://youtube.com/watch?v=VGCg550SKws
388,[TV 동물농장 레전드] ‘개가 고양이를 낳았다? 출생 미스터리의 진실!’ 풀버전 다시보기 I TV동물농장 (Animal Farm) | SBS Story,https://youtube.com/watch?v=46JfOL0uVpE
389,기분이 좋아지는 다양한 동물 힐링영상,https://youtube.com/watch?v=FP3Lw2xzvdQ
390,[TV 동물농장 레전드] 극성 엄마VS 철 없는 아빠! 질풍노도 블랙탄 11남매 풀버전 다시 보기 I TV동물농장 (Animal Farm) | SBS Story,https://youtube.com/watch?v=tcSKkUI8_Qw
391,"★튼튼쌤의 율동체조교실  동물 동요 특집3★ㅣ핑크퐁 아기상어와 함께 동물동요 율동체조를 해볼까요?ㅣ티라노사우루스, 몽키바나나, 꼬리찾기, 동물흉내",https://youtube.com/watch?v=o1yaRFsCAew
392,Learn Sea Animals Farm Animals Wild Zoo Animals Names English Korean. 바다동물 농장동물 야생 동물원동물 이름 배우기 영어.,https://youtube.com/watch?v=9qD4L9eqfco
393,유재석과동물들,https://youtube.com/watch?v=3BqoSLhwlgE
394,"정유라 눈물의 편지 ""동물만도 못한 삶...죄 없는 죄인으로 살았다""",https://youtube.com/watch?v=Fw5cFAhN31s
395,동물들의 집🏡 | 땅 속?🕳나무 위?🌲 너굴이의 집은 어디에?🦝 | 동물동요 | 주니토니 by 키즈캐슬,https://youtube.com/watch?v=zBBnWj5lyUI
396,미니특공대 숫자놀이 | 감옥에 갇힌 동물 구하기 | 사자 | 하마 | 사슴 | 원숭이 | 구출 | 숫자 | 볼트 | 새미 | 루시 | 맥스 | 리오 |색깔놀이 | 미니팡 3D놀이!,https://youtube.com/watch?v=ZH0q6_FQGoQ
397,길고양이를 구해줘 | 마크의 동물병원 | 고양이 | 애완묘 치료 | 애완동물 | 동물치료 | cat | animal hospital | 깨비키즈 KEBIKIDS,https://youtube.com/watch?v=4LWktR-hhpA
398,[*화면해설]단절된 협곡에 유일한 침팬지 무리와 리더 브루투스! 하지만 생활이 순탄하지만은 않은데... | 치암부라 협곡의 침팬지들 #BBC,https://youtube.com/watch?v=0wpPRz5yvP0
399,🐶동물 훈련사 모음집 | 직업송 직업놀이 동요 | 강아지 돌보기 | 꼬마공룡 코코비,https://youtube.com/watch?v=75XOr5MsXXE
400,어? 귀엽다..♥ 심장에 무리 오게 만드는 동물들의 특이한 습관 TOP5,https://youtube.com/watch?v=ZsL_eRUQUmg
401,[TV 동물농장 레전드/SUB] 🐯 한국 호랑이 건곤이의 태범×무궁 육아일기 💖 #TV동물농장 #AnimalFarm #SBSstor,https://youtube.com/watch?v=Htb7wwovr1s
402,[미니팡 잉글리쉬] 미니특공대 영단어놀이 | 동물 | 사자 | 기린 | 고릴라 | 표범 | 하마 | 어린이 영어 |  미니팡 3D놀이!,https://youtube.com/watch?v=UI48OJ3cd1Y
403,농장에 갇힌 동물들.. 탈출할 방법을 찾아 도망쳐라!,https://youtube.com/watch?v=9A5JULt65lc
404,[동물다큐] 물도 안 나오는 흙집에서 사는 자유로운 영혼의 일순 씨와 강아지 l 동물극장 단짝 EP5 l KBS 220218 방송,https://youtube.com/watch?v=eZOms-M_-M8
405,뽀로로와노래해요 NEW2 | 1화 동물놀이 | 뽀로로 동물동요  | 유튜브 최초공개! | 매주 토요일 7시에 만나요! | 뽀로로 노래,https://youtube.com/watch?v=zTndJj8eqO8
406,동물 친구들 | 귀엽고 사랑스러운 동물친구들을 만나러 가 볼까요? | 동물송 | 동물동요 | 주니토니 by 키즈캐슬,https://youtube.com/watch?v=PW_lkWuTXKo
407,[멸종위기동물 구조대] 꿀벌오소리,https://youtube.com/watch?v=ttOGqVGLuA8
408,[동물농장] 독재자를 돼지로 풍자한 역대급 소설 (결말포함),https://youtube.com/watch?v=_GB9ZaYdL-0
409,[동물다큐 풀버전] 강아지 이기고 서열 1위 차지한 황금거위 빠부｜꼬부랑 할머니와 황금거위 KBS 방송,https://youtube.com/watch?v=zEezgNozrMM
410,동물 레스토랑 | 어서오세요~ 동물 레스토랑입니다! | 공룡 상어 동물동요 | 직업동요 | 음식동요 | 어린이 인기동요 ★ 티디키즈,https://youtube.com/watch?v=AkDMbJd01fs
411,로블록스 백한마리 동물찾기 한참을 찾아도 50마리 밖에 못찾았습니다..,https://youtube.com/watch?v=9yc_TuDALeI
412,FIMBTI #1 l 눈 떠보니 내가 동물이라고? 🐯🐱🐿,https://youtube.com/watch?v=FppXmnfeMVE
413,소동물즈 | 🎙쇼! 으맠쩡심💚 EP.1 | NCT 2021,https://youtube.com/watch?v=oOLDoSPyAPs
414,[TV 동물농장 레전드] 이보다 더 작을 순 없다! ‘초소형 강아지 단비’ 풀버전 다시보기 I TV동물농장 (Animal Farm) | SBS Story,https://youtube.com/watch?v=jLt8jClDf8Q
415,인성 터진 동물들,https://youtube.com/shorts/OwA07wdGARE
416,[TV 동물농장 레전드] 어느 날 사무실에 찾아온 뻔냥이😺 개냥이 영월이와 새끼냥 5남매! 풀버전 다시 보기 I TV동물농장 (Animal Farm) | SBS Story,https://youtube.com/watch?v=Llbj1i-oCBE
417,흔한남매 무인도로 떠납니다! 모여봐요 동물의 숲 1탄ㅋㅋㅋ,https://youtube.com/watch?v=JM_bcMvK_S0
418,(눈물주의) 하수구에 버려져있던 시츄 주인이라며 찾아온 여자.. 강아지 이름을 부르자ㅣTwist To The Dog That Seemed Like An Abandoned Dog,https://youtube.com/watch?v=Vn5biZ8Lyyo
419,[동물다큐 풀버전] 뱀 찾아주는 천재견 럭키와 꼬질미 넘치는 대박이 이야기｜럭키의 뜨거운 여름 KBS  방송,https://youtube.com/watch?v=sHqYamkYSRE
420,아프리카 맹수 자칼과 희귀동물들이 강아지처럼 따르는 마법이...,https://youtube.com/watch?v=mor37VK70MU
421,강아지 박사 강형욱과 동물 박사 최재천의 퀴즈 대결! 진정한 승자는? [최재천의 아마존],https://youtube.com/watch?v=sQfqg0CSot8
422,"한국어ㅣ우리집 세면대 밑에 해양동물이 산다 2, 동물이름 외우기, 컬렉타 피규어ㅣ꼬꼬스토이",https://youtube.com/watch?v=byxaD_jmA1E
423,[숫자놀이] 캡슐에그장난감 놀이와 동물스티커 숫자만큼 붙이기 놀이 |  즐거운 영어숫자놀이,https://youtube.com/watch?v=XfCC4fwTf6Q
424,"[TV 동물농장 레전드/SUB] 😭운명 같은 화재의 그날, 목숨 구해준 한의원 띨띨이 (+이후 이야기)  #TV동물농장 #AnimalFarm #SBSstory",https://youtube.com/watch?v=gN0tAXIPrag
425,축산 | 동물을 교배해서 혼종 만드는 게임,https://youtube.com/watch?v=ucymOaoSAfg
426,[신비한 동물들과 덤블도어의 비밀]  2차 예고편 드디어 최초 공개!,https://youtube.com/watch?v=OVMu1s0nZNQ
427,[TV 동물농장 레전드/SUB] 직접 문 열고 들어와 집사 간택한 고양이 ‘돼범이’😼 #TV동물농장 #AnimalFarm #SBSstory,https://youtube.com/watch?v=Szs_rWx16bc
428,"동물이 인간을 사육하는 마을, 가축이 된 사람들_반인반귀 귀협 (오디오북|자막) Horror ホラー [공포 미스테리 극장] 소리나는 책방 창작 스토리",https://youtube.com/watch?v=-WTEHoijBv0
429,밥 먹고 나서 사람처럼 치실 하는 원숭이 봄ㅋㅋ [애니멀봐XSBS스페셜N]ㅣMonkey Flosses Like Human After Meal LOL,https://youtube.com/watch?v=zlPrmgqUcfA
430,묘생역전! 범백에 걸린 유기묘 입양했어요ㅣ유기동물 입양ㅣ포인핸드 유기묘입양ㅣ유기묘 입양 후기,https://youtube.com/watch?v=1gmeWn2AC1w
431,요즘 애들은 모르는 옛날 국룰 애완동물ㅋㅋㅋ,https://youtube.com/watch?v=EYQIpwyz-ms
432,[TV 동물농장 레전드] 디즈니 실사판! 두발로 서는 고양이 ‘두부’ 풀버전 다시 보기 I TV동물농장 (Animal Farm) | SBS Story,https://youtube.com/watch?v=SRA_M52RrVk
433,《신비한 동물들과 그린델왈드의 범죄》 당신이 몰랐던 몇 가지 비밀들,https://youtube.com/watch?v=AZawyg-FZ2A
434,그냥 보게되는 귀여운 동물들 심쿵 힐링짤,https://youtube.com/watch?v=eNw0-3zbxCM
435,[TV 동물농장 레전드]  처음은 누구나 서툰 법이지 😭 보남이의 홀로서기...★ (ft.최고참 관순이) #TV동물농장 #AnimalFarm #SBSstory,https://youtube.com/watch?v=k-l_h0FOM9A
436,"이것은 그알인가 동물농장인가, 그알PD의 친화력 비하인드 스토리 공개!ㅣ그알PICK",https://youtube.com/watch?v=AlCddJNNK8w
437,"콩순이와 사랑스러운 동물 친구들 Part.1ㅣ멍순이, 미캣과 라쿤 그리고 공룡이야기",https://youtube.com/watch?v=McjLSXHXIZc
438,동물들에겐 햇빛을 볼 권리가 있을까?[뉴스.zip/MBC뉴스],https://youtube.com/watch?v=84o5TwcaMLw
439,[신비한 동물들과 덤블도어의 비밀] 티저 예고편 전세계 최초 공개!,https://youtube.com/watch?v=rOPW2FLIVhg
440,예준이의 트랙터 전동차로 동물원 동물 먹이주기 Zoo for Kids Tractor Power Wheels,https://youtube.com/watch?v=GsUy9SBCMik
441,아보카도의 거대한 씨는 어떤 동물이 퍼뜨렸을까?｜아보카도가 멸종하지 않은 이유!,https://youtube.com/watch?v=0aOMb7gYlUI
442,[동물다큐] 고양이를 위해 집을 내줬다?! 고양이 36마리와 사는 털보 집사 l 동물극장 단짝 EP4 l KBS 220211 방송,https://youtube.com/watch?v=ymK9uQwjjtU
443,동물 배설물에 애벌레까지…해썹 인증 두 차례나 받았는데 / KBS  2022.05.13.,https://youtube.com/watch?v=d35Jfz8Lrp0
444,⭐️마음씨 착한 똘똘이는 동물 친구들을 도와줘요! | ToriTori | Cartoons for Kids,https://youtube.com/watch?v=hl4wVfpCCwI
445,Learn Sea Animal Sea Creature Names in English Korean 바다동물 바다생물 물놀이하며 이름 배우기 영어 한국어,https://youtube.com/watch?v=KxMShWZntHI
446,[멸종위기동물 구조대] 흔들바위새,https://youtube.com/watch?v=tJmnmbWiOtg
447,"동물, 광물, 사람까지 모든 게 멸종하는 야생..",https://youtube.com/watch?v=MNLu-Nyg98M
448,★[동물농장] 설민석 강독 풀버전★역사적 사건을 빗댄 통렬한 정치 우화! '권력'의 속성은?! | 요즘책방 : 책 읽어드립니다 The Page-Turners EP.28,https://youtube.com/watch?v=bPHmADymnfU
449,"항암치료를 하다 길거리에 버려진 반려동물들을 보고는 거두기 시작한 64마리의 동물들, 비위가 약하다며 배설물 처리를 도와주지 않고  골프 치러가는 남편|엄마를 찾지마 |알고e즘|",https://youtube.com/watch?v=G6y-voNtxpk
450,안녕 ! 동물친구들 | 동물송 | 농장 | 슈퍼죠죠 인기동요 | Super JoJo,https://youtube.com/watch?v=1ZP7uiEJM7I
451,사람의 목숨을 구한 동물들,https://youtube.com/watch?v=UA3IUMb4u_A
452,인형탈 몰카 7탄) 귀여운 동물들이 전단지 알바인척 여자한테 프로포즈를 한다면?ㅋㅋㅋㅋㅋㅋㅋㅋㅋㅋ,https://youtube.com/watch?v=8hJcjPSr-Es
453,"낭만 가득, 천국보다 아름다운 대광이도 [동물극장 단짝] | KBS 220408 방송",https://youtube.com/watch?v=o5dwyvVwolk
454,마크 동물 집짓기 대회 !! 돼지 너무 귀여운데 ㅋㅋㅋㅋ 마인크래프트 건축 대결 !!,https://youtube.com/watch?v=5t14ShKxU_8
455,아프리카 사바나 | 사바나에서 기린 얼룩말 코끼리 하마를 만나요! | 동물 동요 | 핑크퐁! 인기동요,https://youtube.com/watch?v=QbEIi0GAxdw
456,[미니특공대] 컬러놀이 | 색깔 놀이 | 동물 가족 찾아주기 | 동물 탈출 | 갇혀있는 동물 구하기 | 미니특공대 3D놀이!,https://youtube.com/watch?v=C3PRZ3h3S1g
457,미친 동물 교배 게임 (19금 아님),https://youtube.com/watch?v=ylJohtrbETs
458,"[TV 동물농장 레전드/SUB] 😆바깥세상은 너무 재밌어! 확신의 인싸, 행복이의 외출을 위한 눈치싸움🙄 #TV동물농장 #AnimalFarm #SBSstory",https://youtube.com/watch?v=ay7qmPW-wNI
459,크레인 트럭 동물 구출놀이 중장비 자동차 모래놀이 Crane Truck Rescue Animals,https://youtube.com/watch?v=uMQBVu9YeCM
460,"우리집 어항에 고래상어 키우기, 어린이 동물 만화, 해양동물 이름 맞추기, 컬렉타, 53화ㅣ꼬꼬스토이",https://youtube.com/watch?v=n_Bs5Oht0ww
461,토이쇼 #03 | 동물 병원놀이 | 코딩놀이 | 반짝반짝 달님이 | 노래 | 율동 | 키즈 | 장난감 |,https://youtube.com/watch?v=2qXez1vxn2M
462,[시간뚝딱]동물들의 눈물겨운 모성애  #동물의세계#모성애#동물의교감,https://youtube.com/watch?v=tGhe3W_VYdU
463,"우리 집 상자 속 야생동물 키우기ㅣ어린이 동물만화, 색깔놀이ㅣ꼬꼬스토이",https://youtube.com/watch?v=5jKoshFLBQU
464,어머! 대발이가 돼지가 됐다고? | 동물흉내 | 인기 동요 | 다양성 동요 | 공룡 대발이,https://youtube.com/watch?v=EzWdFrxo8gs
465,"★튼튼쌤의 율동체조교실 동물동요 특집2★ㅣ사자, 악어, 고릴라, 뱀 등 다양한 동물 친구들을 만나보아요ㅣ동물의 왕 사자, 정글 붐붐, 꼬리 찾기, 악어 떼",https://youtube.com/watch?v=gdLWUkkJvAE
466,[TV 동물농장 레전드] 이제는 글씨까지 읽는 천재견 행복이! 천재 커플 행복♥미숙 2세 탄생까지! I TV동물농장 (Animal Farm) | SBS Story,https://youtube.com/watch?v=VDIXAnGND3c
467,@한국의 야생동물TV(Korea Animals TV),https://youtube.com/watch?v=ucGYbw2I4gA
468,[TV 동물농장 레전드] ‘수락산 꼭대기 백구의 비밀’ 풀버전 다시보기 I TV동물농장 (Animal Farm) | SBS Story,https://youtube.com/watch?v=N6yiHHXiiYc
469,"[TV 동물농장 레전드/SUB] ‘표 사세요~ 매표소 지키는 개, 용팔이’ 풀버전 다시보기 #TV동물농장 #AnimalFarm #SBSstory",https://youtube.com/watch?v=Gv47LCfBBVc
470,"상어 VS 티라노사우루스?! | 무서운 동물 · 공룡 동요 모음집 | 상어, 사자, 스피노사우루스 | 꼬마공룡 코코비",https://youtube.com/watch?v=m-SSHYmn4GE
471,[동물다큐 풀버전] 다리가 세 개인 진돗개 vs 냥아치｜굳세어라 검순아 KBS 방송,https://youtube.com/watch?v=dY83NqRepk0
472,동물이 된 스트리머들 ❤️,https://youtube.com/watch?v=jc3vWpM9fuU
473,동물들의 똥 | 동물송 | 인기동요 | 동요모음 | 깨비키즈 KEBIKIDS,https://youtube.com/watch?v=Qyo49cv0zIw
474,"#08 너무나 귀여운 아기동물들 영상모음, 햄스터, 거북이, 토끼등 귀여운 아기동물들의 영상, 힐링영상",https://youtube.com/watch?v=SnnuPzcYlCs
475,[TV 동물농장 레전드] ‘음식물 쓰레기통에서 발견된 강아지’ 풀버전 다시보기 I TV동물농장 (Animal Farm) | SBS Story,https://youtube.com/watch?v=g7pTxKRYBOg
476,IQ300 꾸미기 천재가 만든 동물의 숲 섬,https://youtube.com/watch?v=SirZhHjAIoc
477,"동물철권 전세계 1위, 포블린 장인초대석 [테스터훈]",https://youtube.com/watch?v=U7fR0NQ0IEk
478,"트라우마 있는 진돗개 제리,동물병원가서 주사맞기~",https://youtube.com/watch?v=FPf754WATfY
479,[TV 동물농장 레전드] 👻매일 무덤 속으로 들어가는 강아지 ‘뽀삐’😨 I TV동물농장 (Animal Farm) | SBS Story,https://youtube.com/watch?v=JZXIvUMcuyM
480,나의 아름다운 동물의 숲 해피홈 카페 만들기,https://youtube.com/watch?v=g-udPmI87oU
481,동물이 되고 싶어 ♪ | 나도 멋진 동물이 될래! | 율동동요 | 동물동요 | 티디키즈★지니키즈,https://youtube.com/watch?v=Ma_TqhqvBOw
482,"쇠스랑게, 귀제비, 삼광조, 까지집의 신기한 세계 동물의 건축술 2편, KBS 100313 방송",https://youtube.com/watch?v=XKg4gK2pa5c
483,[2021 KLPGA] 공 맞고... 동물농장으로 변한 필드? 💭세상에 이런 일이 대거 출현!,https://youtube.com/watch?v=JN0Lk4oU65Y
484,반려동물 주인들이 봐야 할 놀라운 도구들과 팁,https://youtube.com/watch?v=zCdh7K9aPSA
485,나는 고양이답게 식빵을 구웠을뿐인데.. 동물농장에서 촬영을 왔다ㅣThis Cat Is Chubby But Wasn't Like This At First,https://youtube.com/watch?v=lqpWhoJbjV8
486,반려동물들 일 시켜서 돈을번다고?ㅋㅋ펫 시뮬레이터 X,https://youtube.com/watch?v=3mvjMvQ04hY
487,"back advertisement, 동물의 세계 l 다소 자극적인 ㅣ 삼행시 대회!",https://youtube.com/watch?v=PUOxXWyA88A
488,판다를 구해줘 | 마크의 동물병원 | 판다 | 팬더치료 | 곰발바닥 | 동물치료 | cat | animal hospital | 깨비키즈 KEBIKIDS,https://youtube.com/watch?v=2ryBs7YuhMQ
489,[다녀왔습니다] 동물도 부검을?‥동물 학대 밝혀낸다 (2022.05.14/뉴스데스크/MBC),https://youtube.com/watch?v=viyYIGJu5V4
490,[TV 동물농장 레전드] 이제는 웃음 가득 막내네😊돌아온 엄마냥과 귀염뽀짝 강무🐾 I TV동물농장 (Animal Farm) | SBS Story,https://youtube.com/watch?v=J1Hg_VEl_L0
491,동물들의 놀라운 특수 능력 TOP7,https://youtube.com/watch?v=RuwaSShuLeA
492,총 들고 강도짓하는 동물의숲 같은(?) 게임,https://youtube.com/watch?v=U9mCCW-SzhA
493,외롭고 외로운 스님의 길 옆에 동행하는 로이스 [동물극장 단짝] | KBS 220507 방송,https://youtube.com/watch?v=S3MppMZWmX0
494,미니특공대 컬러놀이 | 색깔 놀이 | 퍼즐 맞추기! | 동물흉내내기| 미니팡TV 3D놀이!,https://youtube.com/watch?v=kXt9qmEuvdU
495,똑똑한 앵무새 다 모였다! 전문가도 놀란 앵무새 모음집🦜 I TV동물농장 (Animal Farm) | SBS Story,https://youtube.com/watch?v=j5IzFuhE0IU
496,[TV 동물농장 레전드/ SUB] ✨기사님들의 엔도르핀✨ 537번 종점 버스 냥이 ‘양순이’ #TV동물농장 #AnimalFarm #SBSstory,https://youtube.com/watch?v=HQ4pxDwppOc
497,[SUB] 현대인 못지않은 동물들의 수면 고민😴 동물농장 특이한 ‘잠’ 에피소드 모음집! #TV동물농장 #AnimalFarm #SBSstory,https://youtube.com/watch?v=pRjrKYq5guY
498,코끼리가 온몸으로 여름나는 방법 / 수박 통째로 먹어버림,https://youtube.com/watch?v=tmA9-wO2xwA
499,바다 탐험대 옥토넛 - 수생 동물에 대해 알아보기 - 모음집,https://youtube.com/watch?v=LQE338PS3gg
500,"우리집 가축이 자라고 있다 4, 어린이 동물만화, 동물이름 맞추기, 장난감 동물농장ㅣ꼬꼬스토이",https://youtube.com/watch?v=bks6H4oZx0o
501,2020 년 최고의 재미있는 동물 동영상 🐶😹🐴,https://youtube.com/watch?v=b1FqDhumtZQ
502,[TV 동물농장 레전드/SUB] ‘20일째 하수구에 갇힌 개’ 풀버전 다시보기 #TV동물농장 #AnimalFarm #SBSstory,https://youtube.com/watch?v=U-3RhFX1bBA
503,해리 포터 덕후의 【신비한 동물들과 덤블도어의 비밀】분석 리뷰,https://youtube.com/watch?v=aq_EX-Jr6QU
504,'집사 하느라 집 못 사'...'K-펫페어'서 반려동물과 쇼핑 삼매경,https://youtube.com/watch?v=IZjeS8SrPFI
505,"진흙에 빠진 숲속 동물 구하기ㅣ어린이 동물 동화,  동물 만화ㅣ꼬꼬스토이",https://youtube.com/watch?v=_wA16rrT6do
506,게임을 종료하면 무조건 죽는 가상 애완동물,https://youtube.com/watch?v=DpJm2I1ka9w
507,[TV 동물농장 레전드/SUB] 😸고양이 확대시켰더니 목장갑으로 은혜 갚는 야옹이 😸 #TV동물농장 #AnimalFarm #SBSstory,https://youtube.com/watch?v=pVd9iofLyt8
508,병원에몰래동물데려가기! GOTCHA의9가지재미있는팁!,https://youtube.com/watch?v=Bq0zsPMk43g
509,질투에 진심인 동물들,https://youtube.com/shorts/nnZzUgU0dJY
510,"[라디오스타] 상상 속의 동물을 보는 눈빛...?✨ 감히 범접할 수 없는(?) 허경환❗,MBC 220427 방송",https://youtube.com/watch?v=H0RPlraLOiQ
511,진짜 징그러운 곤충 파충류 절지동물 벌레 장난감!! RC벌레 너무 무서워 거미 전갈 지네 타란튤라 개구리,https://youtube.com/watch?v=oqWOW0X6K1k
512,도와주세요! 악당이 아기들을 잡아갔어요! | 아기 동물 구조하기 | 두더지 장애물 피하기 놀이 | 드래곤디와 함께하는 동물의 왕국 🐾| 드래곤디 인기동요&게임 | DragonDee,https://youtube.com/watch?v=CcpowAzwdxw
513,헤이지니 수의사놀이 바쁘다바빠 | 아픈 동물 친구들을 치료해요! ｜ pretend play,https://youtube.com/watch?v=Vo1HaTGwH4w
514,8분 동안에 담긴 놀라운 동물들의 모습!,https://youtube.com/watch?v=hSnrPwemzXo
515,동물병원 원장님에게 푹 빠진 아기수달│아기수달 생애 첫 건강검진,https://youtube.com/watch?v=O9hmVIwWK_U
516,"북한, 격리 지침도 소개 ＂5일 격리·야생동물 먹지마＂ [이슈픽]",https://youtube.com/watch?v=l_aUSryhUsI
517,야생동물이랑 싸워서 이기는법 2,https://youtube.com/shorts/GikQQ365yvY
518,울려 퍼지는 목탁 소리... 그리고 이어지는 견 보살을 위한 기도 [동물극장 단짝] | KBS 220507 방송,https://youtube.com/watch?v=oef-BOQnqds
519,[#유퀴즈온더블럭] '사육사의 발자국 수에 동물들의 건강과 행복이 비례한다' 호랑이 오둥이를 돌보는 사육사 자기님들의 육아(?) 이야기🐯 | #Diggle #갓구운클립,https://youtube.com/watch?v=D7mtgVd4Hx4
520,[TV 동물농장 레전드/SUB] 🥰귀엽고 깜찍하고 똑똑하기까지😭 게임 천재 비숑 ‘또이’ #TV동물농장 #AnimalFarm #SBSstory,https://youtube.com/watch?v=WIpt8C8VkxM
521,[Eng sub] 동물 활동가 | 위험에 빠진 동물 구출하기! | 아픈 동물을 도와주고 구조해요~ | 동물보호 | 어린이 직업체험 | 직업동요 | 주니토니 by 키즈캐슬,https://youtube.com/watch?v=EGrVMNltLKw
522,작은 동물원 ♪ | 삐약삐약 병아리 | 동물동요 | 어린이 인기동요★지니키즈,https://youtube.com/watch?v=uTrvB_o7D98
523,동물이 길을 건너 교통을 방해하는 35가지 순간,https://youtube.com/watch?v=a0ADFSUiBKk
524,"한국어ㅣ우리집 가축이 자라고 있다 2, 어린이 동물만화, 동물이름 맞추기, 장난감 동물농장ㅣ꼬꼬스토이",https://youtube.com/watch?v=1iv5U1_X3XU
525,상어송 | 동물송 | 샤크송 | 백상아리노래 | 아기상어 | 깨비키즈 KEBIKIDS,https://youtube.com/watch?v=omWcOyXOyMg
526,미니특공대 표현놀이 | 느낌 표현 | 어려움에 처한 동물 구해주기 | 미니특공대 동물 보살피기 | 미니팡TV 표현놀이!,https://youtube.com/watch?v=CCJDe-Zzc-A
527,등 뒤에 지퍼달린 동물들 모음,https://youtube.com/shorts/j8eILKTZBYw
528,"무시무시한 회오리 기린 이야기, 동물 만화영화, 동물이름 맞추기ㅣ꼬꼬스토이",https://youtube.com/watch?v=uJT2iQfQYwU
529,파리지옥송 | 동물송 | 인기동요 | 식충식물 | 동요모음 | 깨비키즈 KEBIKIDS,https://youtube.com/watch?v=PUkzATMfL6c
530,귀여운거 못참지 (귀참),https://youtube.com/watch?v=z0cJim_qbQ8
531,사마귀에게 물을 주자 보인 놀라운 반응 - 동물 감동 영상,https://youtube.com/watch?v=00YUX5di6Yw
532,공룡이 살아있다면 이런 모습일까?│세상에 존재하는 신기한 동물! 살아있는 공룡의 후예 '슈빌'│세계테마기행│#골라듄다큐,https://youtube.com/watch?v=dddZXEsHLwY
533,신나는 동물점프⭐️ | 깡총! 폴짝! 함께 점프해요! | 동물동요 | 인기동요 연속듣기 | 신나는 어린이동요 ★ 티디키즈,https://youtube.com/watch?v=c2Oe0pDmbKQ
534,인간에게 친근함을 보여준 위험한 동물들,https://youtube.com/watch?v=s1rh6OrN5AA
535,고양이 가족 | 핑크퐁 체조 | 아기 고양이 야옹야옹 | 동물동요 | 핑크퐁! 인기동요,https://youtube.com/watch?v=4eOPFGbIShc
536,동물왕은 누구? | 최고의 능력을 가진 동물을 찾아라! | 동물들의 다양한 능력 | 동물박사★지니키즈,https://youtube.com/watch?v=ip1EKFqPeXE
537,[모동숲] 동숲 주민 앞에서 하품을 하면 옮을까? 🤔 동물의숲 실험,https://youtube.com/watch?v=HTvfpMWPd1c
538,총 쏘고 약탈하는 동물의숲 같은 게임,https://youtube.com/watch?v=A5uTsutQqU0
539,막둥이 시안이의 귀여움 한도 초과 무대❤ ‘동물 송 메들리 - 이시안’♪ [국민동요 프로젝트 아기싱어] | KBS 220514 방송,https://youtube.com/watch?v=1GO2hH5_wq0
540,고양이 집에 온 썰 #인간동물시리즈1,https://youtube.com/shorts/C05nVKUGDes
541,인간의 존재는 뭐다? 지구의 전체 동물종별 질량 총합 Top 11,https://youtube.com/watch?v=BbNv7jhjL7s
542,미니특공대 컬러놀이 | 미끄럼틀 | 동물 | 호랑이 | 기린 | 토끼 | 판다 | 볼트 | 새미 | 루시 | 맥스 | 색깔놀이 | 미니팡 3D놀이!,https://youtube.com/watch?v=QnKaZvfZmb4
543,콩순이 노래 따라 부르기 29편 - 동물병원송 [KONGSUNI SING ALONG],https://youtube.com/watch?v=5fDg_oUFcfY
544,동물 수송 트럭 농장 동물!,https://youtube.com/watch?v=ErJw48lpnR8
545,[TV 동물농장 레전드] 불공을 드리는 고양이 ‘불심 깊은 해탈이’ 풀버전 다시보기 I TV동물농장 (Animal Farm) | SBS Story,https://youtube.com/watch?v=WkpMWrdGq6s
546,희귀동물과 사랑에 빠져서 결국 동물원을 만들어버렸습니다! 그냥 모든걸 다키우는 분이네요 ㄷㄷ [TV생물도감],https://youtube.com/watch?v=jFRrxEICyUk
547,"서른 한 살 자연인, 무인도 생존의 법칙 [동물극장 단짝] | KBS 220408 방송",https://youtube.com/watch?v=olR1tKyGjwk
548,[TV 동물농장 레전드/SUB] 도대체 왜 그러는 거야? 못말리는 고양이들의 집착 시리즈 😹 #TV동물농장 #AnimalFarm #SBSstory,https://youtube.com/watch?v=YIywecG7TAo
549,너무나 사람같은 표정의 야생 동물 순간포착!!!..'개그 욕심' 가득한 동물의 세계 모아봤습니다!!,https://youtube.com/watch?v=g1qB1iooFKM
550,[TV 동물농장 레전드] 다시 찾은 막내네 근황! 😺잘 자란 강무와 6마리 동생냥이들🐾 I TV동물농장 (Animal Farm) | SBS Story,https://youtube.com/watch?v=kOFP9lLgyj8
551,미니특공대 컬러놀이 | 배고픈 동물 먹이 주기 | 코끼리 | 코뿔소 | 고릴라 | 말 | 사자 |볼트 | 새미 | 루시 | 맥스 | 재키 | 색깔놀이 | 미니팡 3D놀이!,https://youtube.com/watch?v=h0ZNe7efSmE
552,동물처럼 뛰고 놀아요 🐾| 아기 개구리 토끼 캥거루 | 동요모음♬ | 동물동요 | 안전교육 | 슈퍼죠죠 인기동요,https://youtube.com/watch?v=Jics1fprXM0
553,[Eng sub] 사자 vs 호랑이 최고의 사냥꾼은? | 동물의 왕은 누구일까! | 동물동요 | 어린이 자연관찰 | 주니토니 by 키즈캐슬,https://youtube.com/watch?v=sKEfBoS1MO0
554,[생생 탐구] 재대결! 백상아리 vs 범고래 | 백상아리와 범고래의 두 번째 대결! 과연 최종 승자는?! | 바다동물동요 | 어린이 자연관찰 | 주니토니 | JunyTony,https://youtube.com/watch?v=WnIuorI4fTk
555,[속보이는TV 인사이드] 동물과 이야기 하는 남자? 시골 노총각 'BJ 준아' KBS 180809 방송,https://youtube.com/watch?v=JFL5QiWZKUk
556,동물 친구들 할로윈 송 🎃 | 퀴즈놀이 | 할로윈 노래 | 슈퍼죠죠 인기동요 | Super JoJo,https://youtube.com/watch?v=XMBcZo9q1Mg
557,랄랄라 동물요가 | 동물 따라 몸을 움직여봐요 | 핑크퐁 체조 | 핑크퐁! 인기동요,https://youtube.com/watch?v=Bb23vL6nOPE
558,바들바들 동물콘,https://youtube.com/watch?v=jYvMWxKuCvQ
559,[TV 동물농장 레전드] 얼굴은 진돗개 몸은 웰시코기? 숏다리 흰둥이의 숨겨진 사연! 풀버전 다시 보기 I TV동물농장 (Animal Farm) | SBS Story,https://youtube.com/watch?v=OMuQCFPU_d8
560,당신이 아직 모르는 세계의 귀여운 동물들,https://youtube.com/watch?v=5uATkC8f8wU
561,"파티에 우리집 고래 초대하기2 어린이 동물 만화, 고래이름 맞추기, 컬렉타ㅣ꼬꼬스토이",https://youtube.com/watch?v=rUy4g5y3fbA
562,밤이 좋아 | 동물동요 | 핑크퐁! 인기동요,https://youtube.com/watch?v=rX-JsZ0guNc
563,자면서 / 작업할때 듣기 좋은 놀러오세요 동물의 숲 노래 모음 AM 1~PM 12,https://youtube.com/watch?v=Cxkmd8YLo3w
564,당당하게 동물병원에 가는 7마리 무지개!,https://youtube.com/watch?v=HG7qh00X0jw
565,야생동물 씹어먹는 있는 반려동물들,https://youtube.com/watch?v=UybEzb-hS50
566,🤣#동물 #재미있는 그리고 #귀여운🥰 당신은 웃음을 멈출 수 없을 것입니다 | 동물에 관한 재미있는 비디오 2022 p65,https://youtube.com/watch?v=Od39lavlM5k
567,살려줘요 동물의 숲,https://youtube.com/watch?v=MTiSkwpimy4
568,이 동물을 마주치면 절대 뛰지 마세요!! #Shorts,https://youtube.com/shorts/n53XrtbugkI
569,브리튼 갓탤런트-강아지가 노래를 한다고? 말도 안되는 동물 퍼포먼스에 영국이 난리난 이유!ㅣGOT ALENT-AMAZING DOG PEFORMANCEㅣ소마의리뷰,https://youtube.com/watch?v=K4no4Nz9QeQ
570,동물을 키운다면 무조건 이거부터 확인하세요 #Shorts,https://youtube.com/shorts/wEBcytPK3Vk
571,코끼리 왕배꼽 | 코끼리에게도 배꼽이? | 동물박사★지니키즈,https://youtube.com/watch?v=8VRr4xhno0U
572,"호랑이와 늑대의 모험ㅣ어린이 동물 동화, 동물 이야기ㅣ꼬꼬스토이",https://youtube.com/watch?v=ap_z68l01gk
573,정신과의사가 되어 동물을 치료해주는 게임 | 진짜 정신과의사가 한다면?? [헬프미: 나루],https://youtube.com/watch?v=qaI0fnL5wCg
574,바들바들 동물콘 2,https://youtube.com/watch?v=vJCoPgyPWjo
575,"땅굴에 낀 아빠 호랑이ㅣ어린이 동물 만화, 상상동화ㅣ꼬꼬스토이",https://youtube.com/watch?v=b5glgfg4jfg
576,전철기겜 후속작😨 근데 이정도면 갓겜인데ㅋㅋ? [야생동물 스포츠의 날],https://youtube.com/watch?v=47aIe1Knagc
577,"말썽꾸러기 곰과 숲속 동물 친구들ㅣ어린이 동물 만화, 동물 동화ㅣ꼬꼬스토이",https://youtube.com/watch?v=QBKr7AARnjc
578,귀여운 동물들이 사악해진다면?ㅋㅋㅋㅋㅋㅋㅋㅋ #shorts,https://youtube.com/shorts/3TfQRlvOP1c
579,케이크 먹이고 침 치료도…'수조원대' 반려동물 산업 / JTBC 아침&,https://youtube.com/watch?v=FxDIqDozR2Q
580,왜 호주 동물들은 죄다 클까?_[센서 스튜디오],https://youtube.com/shorts/UdwwFUKi0i0
581,스님과 견 보살... 참 좋은 인연입니다~ [동물극장 단짝] | KBS 220507 방송,https://youtube.com/watch?v=kBC1KVboNss
582,🐙문어 의사 선생님 | 동물 동요 | 바닷속 동물 병원 | 똑똑한 바다 동물 | 꼬마공룡 코코비,https://youtube.com/watch?v=vfwBzfmImD4
583,반려동물을 위한 사육장이 있는 바닷가 양옥형 주택 매매,https://youtube.com/watch?v=NZe1h2dEAjI
584,발바닥 젤리가 있을 것 같은데 없다는 '이 동물' #shorts / 스브스뉴스,https://youtube.com/shorts/tjWsiTUMtDA
585,"[엄마 까투리 한글놀이] 육식공룡, 티라노사우르스편 🦖| 자연관찰 | 동물도감",https://youtube.com/watch?v=4-B-e_aIlpc
586,"아기사자를 구해준 멧돼지ㅣ어린이 동물만화, 창작동화ㅣ꼬꼬스토이",https://youtube.com/watch?v=5rtM17yI1nE
587,"우리집 세면대 밑에 고래가 산다 5, 어린이 동물 만화, 고래의 모험ㅣ꼬꼬스토이",https://youtube.com/watch?v=2uXOhMAWFmM
588,멸종위기 마기꾼 #shorts #마기꾼 #멸종위기 #꽁트 #동물의왕국,https://youtube.com/shorts/ay_vCoyJ_xA
589,동물농장 숨바꼭질 ♪ | 아기 동물 숨바꼭질 놀이 | 가족동요 | 동물동요 | 티디키즈★지니키즈,https://youtube.com/watch?v=lSTa3_xTXaU
590,극한지역에는 설인을 닮은 존재가 산다?ㄷㄷㄷ |  극한지역의 야생동물들 (1) #Offthefence,https://youtube.com/watch?v=LmuYiVt7l9M
591,"[TV 동물농장 레전드/SUB] 어, 안녕?^_^;; 머쓱한 대면 😾 경계 끝판왕 냥이 가족 구조기 #TV동물농장 #AnimalFarm #SBSstory",https://youtube.com/watch?v=ljQmXbC_dys
592,ONE HOUR of Amazing Animal Moments | BBC Earth,https://youtube.com/watch?v=eEaZvEZye84
593,[TV 동물농장 레전드] ’도망치는 하은이 VS 만져달라는 견공 낑깡이’ 풀버전 다시보기 I TV동물농장 (Animal Farm) | SBS Story,https://youtube.com/watch?v=keW2VxRQ_4k
594,커여운(?) 동물모음ㅋㅋㅋ.jpg,https://youtube.com/shorts/PHOtuHa04Pk
595,LUXURY_film 반려동물 화보,https://youtube.com/watch?v=GxUMd-DK-lI
596,빠꾸 없는 동물들,https://youtube.com/shorts/TskeW_bsWHM
597,금수저 유전자 가졌다는 '이 동물' #shorts / 스브스뉴스,https://youtube.com/shorts/CvTemBGf9yo
598,뽀로로 동물병원 | 수의사가 된 뽀로로! | 9화 농장의 동물병원 | 뽀로로 병원놀이 동요 시즌 3 | 뽀로로 진찰동요 | 병원동요 | 뽀로로와노래해요,https://youtube.com/watch?v=5M4X1IPdE2I
599,[직업 프린세스]  동물을 살리는 수의사 #1 | 멋진 수의사가 되는법  | 소중한 생명을 지켜내요  |  어린이 직업동화★지니키즈,https://youtube.com/watch?v=1dslowr60TI
600,[미니팡 잉글리쉬] 미니특공대 | 동물 구해주기 | 컬러놀이 | 경찰차 | 소방차 | 구급차 | 고릴라 | 코끼리 | 코뿔소 | 토끼 | 말 | 미니팡 3D놀이!,https://youtube.com/watch?v=qY8O6KUurEA
601,"나 고양이 발랄이 내 집사는 동물농장 갓찬종이다. | I'm a cat, Bal-lal who lives with Chanjong.",https://youtube.com/watch?v=UhpNcCQdRjE
602,"사자가 사냥한 동물 몰래, 훔치는 여자🍖 4인큐 아프리카 생존  [생존시그널]",https://youtube.com/watch?v=a6R3T8JNJ5A
603,동물 친구 ♪ | 동물 좋아송 | 동물동요 | 티디키즈★지니키즈,https://youtube.com/watch?v=-GygMv3WAv8
604,[미니특공대] 모양놀이 | 동물 놀이 | 위험에 빠진 동물 구출하기! | 구조 놀이 | 미니특공대 3D놀이!,https://youtube.com/watch?v=F1J-GMRfMbE
605,"[이슈톡] ""전쟁 속 너희 두고 못 가!""‥키이우 동물원 지키는 직원들 (2022.03.08/뉴스투데이/MBC)",https://youtube.com/watch?v=rBgCIgfQ2Rs
606,먹을 것에 진심인 동물들,https://youtube.com/shorts/NrE1BlDZDQw
607,[TV 동물농장 레전드] 새끼 두고 놀러 간 달순이에 극대노와 지극정성 콤보 아저씨! 풀버전 다시 보기 I TV동물농장 (Animal Farm) | SBS Story,https://youtube.com/watch?v=EumL7DAlHcw
608,[TV 동물농장 레전드] ‘7살 소녀와 떠돌이 견의 우정’ 풀버전 다시보기 I TV동물농장 (Animal Farm) | SBS Story,https://youtube.com/watch?v=d0DObm8ZYxk
609,🚘동요연속듣기🚖 인기동요 모음 | 120분 연속재생 | 동물동요 | 광고없는 | 똑똑키즈 | 유치원동요 | 어린이동요ㅣ율동동요,https://youtube.com/watch?v=5YwWm2S8y6Y
610,사랑하는 반려동물과 함께하는 업데이트! - 하우스 플리퍼 펫츠 DLC,https://youtube.com/watch?v=8T2ndUbEmqA
611,🐯동요연속듣기🐶 인기동요 모음 | 120분 연속재생 | 동물동요 | 광고없는 | 똑똑키즈 | 유치원동요 | 어린이동요ㅣ율동동요,https://youtube.com/watch?v=CFx6-tyioRU
612,내 20분 어디 감? [너무 재밌어서 시간 순삭 시키는 동물들 몰아보기🤣]ㅣBinge-Watch Funny Animals That Make Time Fly By,https://youtube.com/watch?v=ut9EMVUVLN8
613,동물농장 숨바꼭질 | 젖소를 찾아라! | 동물동요 Animal Song for Kids | 꼬마공룡 코코비,https://youtube.com/watch?v=H1tjPMQ3bO4
614,수컷 사자가 먹이를 공격하는 7가지 잔인한 순간 - 야생 동물,https://youtube.com/watch?v=td-26wNwmCE
615,우직하게 한 길만 걷는 ‘소들의 아버지’ 이한경 수의사 #TV동물농장 #AnimalFarm #SBSstory,https://youtube.com/watch?v=tpLXXKEATek
616,가슴이 웅장해지는 냉혹한 동물의 세계,https://youtube.com/shorts/hW1LAGxm_Us
617,"물범에 대한 거의 모든 것! | 물범 모음zip | 바다의 호랑이, 물범의 모든 것 #ZDF",https://youtube.com/watch?v=hcsxPnlh3VY
618,"철없는 남편, 동물없인 못사는 남자 Husband who cares more about animals than his wife",https://youtube.com/watch?v=baF9qc_Y01A
619,"중국집 마스코트, 돼지 남매 꿀돌이와 꿀순이 #TV동물농장 #AnimalFarm #SBSstory",https://youtube.com/watch?v=amm_6A8-J2M
620,배가 너무 고파 독버섯을 먹어버린 다람쥐의 최후,https://youtube.com/watch?v=hkvvFRJA3L4
621,지하에 갇힌 백사자‥'햇볕 없는 동물원' 모습은? (2022.05.13/뉴스데스크/MBC),https://youtube.com/watch?v=yECrgmHnRTU
622,귀여운 동물짤 모음집  #웃긴영상 #shorts,https://youtube.com/shorts/CvPvhJ6HKWo
623,"북, 민간요법 이어 코로나 지침도 공개…""5일 격리·야생동물 먹지 마"" [굿모닝 MBN]",https://youtube.com/watch?v=inrM1YbYD-8
624,2022 희귀 반려동물 박람회﻿ (2022 EXOTIC ANIMAL EXPO),https://youtube.com/watch?v=i6kCiLhLMoM
625,낙타 사체를 호랑이 먹이로‥충격의 동물원 (2022.05.13/뉴스투데이/MBC),https://youtube.com/watch?v=Yw_YGF8DdZg
626,공룡이 살아있다면 이런 모습일까?│세상에 존재하는 신기한 동물! 살아있는 공룡의 후예 '슈빌'│세계테마기행│#골라듄다큐,https://youtube.com/watch?v=dddZXEsHLwY
627,사람처럼 행동하는 동물들,https://youtube.com/shorts/F9Vsn67N3WE
628,하늘 날던 새도 추락…인도 50도 폭염 피해 '심각' / SBS,https://youtube.com/watch?v=ITnjJgBuA-o
629,[내연동물] 토끼 여친,https://youtube.com/watch?v=Em6ylYHvT1E
630,"[재택플러스] ""강아지용 여름 내의""‥'펫코노미' 활황 (2022.05.18/뉴스투데이/MBC)",https://youtube.com/watch?v=JesHRV5EpRY
631,🎬애니멀봐 동물극장🎬 위 베어 베어스 : 곰 세마리ㅣ주연:아기곰 조연:킥보드ㅣ🎬SBS Animal’s Animal Theater🎬ㅣMain characters: Bears,https://youtube.com/watch?v=GWi6G0p_Nzk
632,"[심장이 뛴다 38.5 예고] ＜소문난 먹보 '짱구', 음식을 거부한 사연?＞ 4회 예고, MBC 220525 방송",https://youtube.com/watch?v=TGQQMUrYdOk
633,고래 구조 작전 #Shorts #향유고래,https://youtube.com/shorts/CcLzgqcfzsw
634,흰꼬리수리의 겨울 사냥 / EBS 자연 다큐,https://youtube.com/watch?v=eapVNkm9qiM
635,"[아닌 밤중에 주진우] 필.소.굿.-생활법률편(with.김필성,김솔하 변호사)",https://youtube.com/watch?v=wtsaiAANdFU
636,"강에서 엄청난 전투 _ 하마, 악어, 사자, 누우...야생동물의 엄청난 전투",https://youtube.com/watch?v=O2cBckzBywI
637,"[투데이 와글와글] '합성이 아닙니다' 중국, 사람 닮은 원숭이 (2022.05.17/뉴스투데이/MBC)",https://youtube.com/watch?v=71AoP_TpCfY
638,"탈출 시도한 '아기 판다', 결과는? [shorts]",https://youtube.com/shorts/rJEbmIoNASU
639,세상에 몇 안남은 귀여운 동물,https://youtube.com/shorts/We2Lyq-t4aw
640,"""동물학대 처벌 들쑥날쑥""…81개 보호 단체 집단규탄 / JTBC 뉴스룸",https://youtube.com/watch?v=NHdxXxPQlJk
641,‘붉은귀거북’ 도심 하천 집단서식 확인…북한강 생태계 위협 / KBS  2022.05.15.,https://youtube.com/watch?v=ClL9Yv8NtfA
642,우리가 알던 하와이 맞아? 길거리 점령한 '이것' #JTBC #Shorts,https://youtube.com/shorts/erU1aopCfM4
643,얼마나 놀라운가! 오랜 시간 떨어져 있던 인간과 야생 동물의 감정적 만남,https://youtube.com/watch?v=9qn5NIMgoF0
644,제주 비자림로 중장비 투입 공사 재개…첫 동물보호울타리 등장,https://youtube.com/watch?v=zAcK5a6fT-8
645,입마개·목줄도 없어 맹견에 물린 아이 중상 [이슈픽],https://youtube.com/watch?v=YIk7BHFCCFo
646,"맹렬한 악어는 먹이를 잡기 위해 코끼리,사자를 제거하기로 결정했습니다.. 이것은 악어의 입에서 먹이를 훔쳤을 때 일어나는 일입니다",https://youtube.com/watch?v=WVU6cLyk8WQ
647,'엄마 나도 같이 가요'…울타리 못 넘은 새끼 곰이 택한 길은? / JTBC 사건반장,https://youtube.com/watch?v=d0Cy6ZT-Hxs
648,"북, 민간요법 이어 코로나 지침도 공개…""5일 격리·야생동물 먹지 마"" [MBN 종합뉴스]",https://youtube.com/watch?v=Iic31zhNVmo
649,"[기업] 삼성전자, 부산에서 '펫 케어 가전' 소개 / YTN",https://youtube.com/watch?v=NVwGFB6HsJk
650,[재택플러스] '반려식물'에 꽂힌 MZ세대 (2022.05.18/뉴스투데이/MBC),https://youtube.com/watch?v=2QqyfIiFpGE
651,"무지개 다리 건너의 애옹이가 전해주는 고양이 환생 이야기,동물교감,사후교감,애니멀 커뮤니케이션 사후교감,애니멀 커뮤니케이터#교감신청은 카톡knj8801로 안내 받으실수 있습니다.",https://youtube.com/watch?v=h0Jpya03UOQ
652,뽀로로와노래해요 24시간 이어보기 | 뽀로로 인기동요 | 뽀로로 노래,https://youtube.com/watch?v=vQTq2uzgGRc
653,2022년 5월 18일 (수) JTBC 아침& 다시보기 - 윤 대통령 취임 첫 5·18 기념식 참석,https://youtube.com/watch?v=Chls_NkMemk
654,#5. 우리집 웃긴 동물,https://youtube.com/watch?v=KzOb-3yQDEE
655,인간의 척추가 동물과 달리 곡선으로 이루어진 이유 #shorts,https://youtube.com/shorts/t3jiG9wBKog
656,"수천 마리 닭 출몰, 평화로운 하와이가 '쑥대밭'…해결책은? / JTBC 사건반장",https://youtube.com/watch?v=1pRYrR0WqaA
657,[집중취재] 대구 유기동물 증가…입양률은 저조 / KBS  2022.05.20.,https://youtube.com/watch?v=lVnpKGMDA_w
658,[까투리2 하이라이트 이어보기] EP01-10 | 엄마까투리 이어보기 | 동물 친구들,https://youtube.com/watch?v=Ua_nderWDH8
659,"고라니 '로드킬 사고', 40%가 봄철에 발생하는 이유는? / SBS",https://youtube.com/watch?v=CWEAxglR1Ao
660,‘붉은귀거북’ 도심 하천 집단서식 확인…북한강 생태계 위협 / KBS  2022.05.16.,https://youtube.com/watch?v=QvANuW3HgkI
661,울타리 붙잡고 껑충! 반려견의 대담하고 기발한 '탈출' / JTBC 사건반장,https://youtube.com/watch?v=yaReBwra-bQ
662,15증뎀 2어레 5솟 쯔바 고뇌 직작,https://youtube.com/shorts/-SqyMFQiIg8
663,"말라죽거나 밟혀죽거나... 부산 온천천 두꺼비 수난사, 공존은?",https://youtube.com/watch?v=SKVdk5edhFM
664,"""일명 개리야스"" 아빠 런닝 유행하자 강아지 전용 ‘쿨런닝’ 출시한 BYC",https://youtube.com/watch?v=M3MSA6NUbDc
665,갱년기 여성에게 꼭 필요한 특급 비책 『흑염소』 TV CHOSUN 220519 방송  | [굿모닝 정보세상] 625회 | TV조선,https://youtube.com/watch?v=3fTIdqy94Ws
666,I'm a Big Kid Now Cute Baby Animals - Animals Transformation To Monster,https://youtube.com/watch?v=JhroumR67Xc
667,발달장애인법 제정 8년…사회 참여 ‘제자리’ / KBS  2022.05.20.,https://youtube.com/watch?v=9zbffTzQU00
668,그때 그 배를 타지 말았어야 했습니다ㅣDo you remember the dogs that were stranded on an island?,https://youtube.com/watch?v=shgVvyyhVUk
669,래더 피슷딘 카생런40바퀴,https://youtube.com/watch?v=oQePrqBD2rQ
670,"아파트 광장서 놀던 7살 아이, 맹견에 얼굴 물려 중상…말리던 엄마도 다쳐 [MBN 뉴스와이드 주말]",https://youtube.com/watch?v=gQhRilNNnLs
671,두둠칫 아꼼ㅣ아꼼 율동동요ㅣ1~20회 전편 모아보기ㅣ인기동요ㅣBabies&Kids l Daekyo noriQ l 대교 노리Q,https://youtube.com/watch?v=UMPShb6ezHo
672,"[심장이 뛴다 38.5] 배우 공승연과 함께 한 '더 가까이' 캠페인!🍀, MBC 220518 방송",https://youtube.com/watch?v=lOL58epAKlc
673,"북한, 코로나19 하루 사망자 21명..""건국 이래 대동란"" - [풀영상] MBC 뉴스데스크 2022년 05월 14일",https://youtube.com/watch?v=vmyt_hn0y3Q
674,라멘 전메뉴 다 털었습니다🔥 강남에서 제일 오래된 라멘집? 먹방,https://youtube.com/watch?v=6PWxLP8LdKs
675,커다란 대창을 숨긴 낙지 호롱이,https://youtube.com/watch?v=s9OqNJD7RFc
676,충남 서천 갯벌 인근에서 저어새 집단 번식...분포지 넓어지나 / YTN,https://youtube.com/watch?v=DGQKkJKskXM
677,"[심장이 뛴다 38.5] 17살 찡찡이, 서서히 다가오는 이별의 순간, MBC 220518 방송",https://youtube.com/watch?v=eEVMucrzSPQ
678,끔찍한 학살... 치타는 사나운 악어 떼의 늪에 빠지면서 비극적인 죽음을 맞이했습니다,https://youtube.com/watch?v=WPamUoPBAhA
679,(동물의왕국) 올림픽 선수촌,https://youtube.com/watch?v=Gx6q_Wnhn6E
680,"[심장이 뛴다 38.5] 인명 구조견 소백이와 행복이의 건강검진!, MBC 220518 방송",https://youtube.com/watch?v=fuv4Qp95QxU
681,"고양이 룰루의 속마음...동물교감,사후교감,애니멀 커뮤니케이션,애니멀 커뮤니케이터 #교감신청은 카톡knj8801로 안내 받으실수 있습니다.",https://youtube.com/watch?v=dAeVi1s1CPI
682,NATURALEZA vs. ANIMALES. Personas que Salvaron a los Animales de la Naturaleza,https://youtube.com/watch?v=-d3wF7SCMLQ
683,역사 속에 사라졌던 충격적인 인간동물원 Top 10,https://youtube.com/watch?v=fTtZivnZBhw
684,아파트 단지 안에서 맹견에 습격…7살 아이·엄마 크게 다쳐 / KBS  2022.05.20.,https://youtube.com/watch?v=2m-IK202HwY
685,다 같은 데로 가는 것을! [하루조각] #빙고게임 #동물 #세계자연기금(WWF) #지구 생명 보고서(2020) #도안 #전도서​,https://youtube.com/watch?v=pDWjr_oA53w
686,깜짝 놀란 순간... 완고한 사자가 아기 기린을 공격하려다 기린 어미에게 짓밟혀 죽습니다,https://youtube.com/watch?v=T5WE2TRwhW8
687,독재타도를 외치던 민주화 운동권 세력이 권력의 단맛에 취해 괴물이 되어버린 과정 [EP.88 박완주],https://youtube.com/watch?v=tVJoxkLHDwU
688,"바이든 만남 무산된 문 전 대통령 ""밭일 시작했다, 마루·토리도 잘 지내“#Shorts",https://youtube.com/shorts/KFOGL7INtMw
689,"아파트 광장서 놀던 7살 아이, 맹견에 얼굴 물려 중상…말리던 엄마도 다쳐 [MBN 종합뉴스]",https://youtube.com/watch?v=qGhwp8AhFhg
690,아파트 단지 안에서 맹견에 습격…7살 아이·엄마 크게 다쳐 / KBS  2022.05.20.,https://youtube.com/watch?v=BRgFMwrecvc
691,덫에 걸린 백구 수색,https://youtube.com/watch?v=4tv929lQ8yM
692,"금방 연어 샐러드 먹은 여성, 굶주린 아기 곰에게 봉변",https://youtube.com/watch?v=rpruOiixl6w
693,[오늘아침세계는] 바이든 에어포스원 타고 워싱턴 출발 / YTN,https://youtube.com/watch?v=PW_k_5kbJMo
694,아파트에서 놀던 7살 아이 맹견에 습격‥얼굴 크게 다쳐 (2022.05.20/뉴스데스크/MBC),https://youtube.com/watch?v=E1r_MBUAWCI
695,룬하고 896딮 14방상 에테 크라켄쉘 직득해서 용병 인내 갑옷 만들어주자,https://youtube.com/watch?v=X7ZQZLK2A9A
696,[ET] 1주일만에 48조 원 증발…루나 사태는 사기? 투자자는 어쩌라고 / KBS  2022.05.18.,https://youtube.com/watch?v=fBJ-0WMKL-U
697,딩동펫 반려동물 해바라기 도넛 방석! 마약방석 하나 장만하세요~! 강아지들도 강추!,https://youtube.com/watch?v=j2JhxV5TNNo
698,다시 웃는 극장가…4월 관객수·매출액 증가 / KBS  2022.05.18.,https://youtube.com/watch?v=iK49l0B7pCQ
699,[풀영상] 뉴스12 : 6.1 지방선거 D-13…공식 선거운동 시작 – 2022년 5월 19일(목) / KBS,https://youtube.com/watch?v=nNnnkhs0dKY
700,"[재택플러스] ""범인 지목""‥곤충이 한다! (2022.05.19/뉴스투데이/MBC)",https://youtube.com/watch?v=m5FJGzJBDOo
701,"'소리없는 목격자' 곤충 과학수사 본격화…경찰, '법곤충감정실' 개소",https://youtube.com/watch?v=JnGp7wouMXw
702,17~18일 카생런 50바퀴 돌고 나온 득템들,https://youtube.com/watch?v=rgTB5UzFSeE
703,부캐 육성에 필요한 룬 구할겸 탑 돌다가 만난 너란 존재,https://youtube.com/shorts/Pq9NzTpAw4c
704,아파트에서 인라인 타다 봉변…7세아이·엄마 맹견에 물려 / 연합뉴스TV (YonhapnewsTV),https://youtube.com/watch?v=Q7v9a4W2FY0
705,"[현장연결] 윤 대통령 ""한덕수, 처음부터 협치 염두 지명한 총리"" / 연합뉴스TV (YonhapnewsTV)",https://youtube.com/watch?v=834uEmQFa3c
706,두둠칫 아꼼ㅣ아꼼 율동동요ㅣ모아보기ㅣ인기동요ㅣ Babies&KidsㅣKids SongㅣDaekyo noriQ l 대교 노리Q,https://youtube.com/watch?v=zNW9M9z9_IA
707,"[글로벌K] 중국 상하이, 이번에는 ‘소독약 세례’ 논란…도시는 봉쇄 해제 준비 중 / KBS  2022.05.17.",https://youtube.com/watch?v=CYgt5Jb8sSc
708,[핫클립] 하천을 맑게 하는 EM흙공 / YTN 사이언스,https://youtube.com/watch?v=ZlgAuK5x2oM
709,"""서울에 싼 집 많아요"" 아파트 입주 대신 단독주택 매입해 리모델링한 젊은 건축가 부부의 '이치' 하우스",https://youtube.com/watch?v=S0NFipdkOxQ
710,봄철 고라니 로드킬 집중…절반은 1년생 어린 수컷들 / SBS,https://youtube.com/watch?v=N1ZIC9se9Hc
711,#Shorts / [투데이 와글와글] 벗겨진 신발 다시 신고 질주 '괴력의 7살 미국 소녀' (2022.05.19/뉴스투데이/MBC),https://youtube.com/shorts/9qMwVnkC9To
712,당신이 아는 ‘고양이 춤’은 틀렸다 🎹🐱｜크랩,https://youtube.com/watch?v=JXaZ0fGNNzk
713,바닷속 포식자를 갓생템으로 바꾼 서울대생 CEO /스브스뉴스,https://youtube.com/watch?v=Kk2uUuFt3Hc
714,금붕어 몸짓이 음악으로…현실과 가상 잇는 예술축제 / 연합뉴스TV (YonhapnewsTV),https://youtube.com/watch?v=l1FCvUnamYE
715,[굿모닝브리핑] 오후 4시 표결...한덕수 운명은? / YTN,https://youtube.com/watch?v=SSTCUoqhG04
716,2022년 5월 16일 (월) [굿모닝MBN] 다시보기 -  5월 16일 굿모닝 MBN 주요뉴스,https://youtube.com/watch?v=ptF_92sWCIY
717,"윤 대통령 ""한덕수, 협치 염두에 두고 지명…잘 될 것으로 기대""",https://youtube.com/watch?v=SXaC-2CYOco
718,50도 육박 120년만의 폭염...날던 새도 추락 (2022.05.19/뉴스프리데스크/MBC),https://youtube.com/watch?v=fNcqtAW7Xn4
719,평범한 몸짓에서 발견하는 가치 #Shorts #안은미,https://youtube.com/shorts/OBoF6E32d3c
720,덫에 걸린 백구 수색,https://youtube.com/watch?v=cCZPkX_O7F4
721,용산 공원 내 발암물질 덮고·체류 시간 제한은 미봉책 [김어준의 뉴스공장 풀영상 5/18(수)],https://youtube.com/watch?v=MPHkHC0uBkI
722,7살짜리 얼굴 공격한 맹견…대낮 아파트 단지서 생긴 일 / SBS,https://youtube.com/watch?v=U9to6_8Blhc
723,(CC) 뛰고 뛰고 또 뛰고! 토끼 | 뭘까왤까 21화 | 대교 노리Q,https://youtube.com/watch?v=vZvYvyK82PU
724,쌍용자동차 SUV 신차 '토레스' 출시…'무쏘' 후속 모델 / JTBC 아침&,https://youtube.com/watch?v=HglydtmjTiU
725,[핫클립] 우리 몸 속 숨어있는 수학 / YTN 사이언스,https://youtube.com/watch?v=pEW0ZAcG0xk
726,“잘 할 수 있는데…” 사회 참여 ‘제자리걸음’ / KBS  2022.05.20.,https://youtube.com/watch?v=hb0TMZUHA0I
727,2022년 5월 16일 (월) MBN 종합뉴스 [전체 다시보기],https://youtube.com/watch?v=pUmcqzEmi4A
728,아프리카 희소 감염병 '원숭이두창' 미국·유럽서 발병 / JTBC News,https://youtube.com/watch?v=GO4mWBFk_6I
729,"""길 건널 땐 횡단보도로!"" 오리 가족의 귀갓길 [제보영상] / YTN",https://youtube.com/watch?v=c1XkJDHN6WI
730,어제 오후 9시까지 3만 명대 초반…전날 대비 2.6배 급증 [굿모닝 MBN],https://youtube.com/watch?v=ouuMmsVA9Js
731,[핫클립] 한국 과학수사를 이끌어가는 법과학 / YTN 사이언스,https://youtube.com/watch?v=e9hGq3netGs
732,'진드기' 바이러스‥올해 첫 사망자 발생 (2022.05.17/930MBC뉴스),https://youtube.com/watch?v=2IIL_1nGQe4
733,"중국, 동물원에 인면숭이? [세상에 이런 법이?]중국 원숭이",https://youtube.com/watch?v=QTAqvYDaSYY
734,어서와 스턴건&코리안좀비&섹시야마 조합은 처음이지?,https://youtube.com/watch?v=oxzAX-zYmlU
735,"권영세 통일부 장관 “북 코로나 확산, 핵실험에도 영향” | 뉴스A",https://youtube.com/watch?v=Mba70NWv0HI
736,사망한 체납자 재산도 압류...체납수법 진화에 징수도 고도화 / YTN,https://youtube.com/watch?v=9pLrWx33itw
737,"""북한, 코로나 막을 수 있다""…고령자 우선 접종이 '열쇠' / JTBC 뉴스룸",https://youtube.com/watch?v=3S7DvxQBXSo
738,경남 거제서 헬기 추락‥1명 사망·2명 중상 (2022.05.16/5MBC뉴스),https://youtube.com/watch?v=Fb_rQnFZdO8
739,오늘부터 공식 선거운동 돌입…여야 지도부 인천 집결 / JTBC 정치부회의,https://youtube.com/watch?v=1ImJrDGrdwU
740,"밭일하다 참진드기 물려 숨져…""잔디밭 눕지 마세요"" / JTBC 뉴스룸",https://youtube.com/watch?v=XO9PNIBGNdo
741,"#Shorts / [투데이 와글와글] '합성이 아닙니다' 중국, 사람 닮은 원숭이 (2022.05.17/뉴스투데이/MBC)",https://youtube.com/shorts/6TkriFmlevM
742,"온몸 수포 '원숭이 두창', 유럽 등서 확산 우려 / YTN 사이언스",https://youtube.com/watch?v=pSbHliv3JyE
743,"윤석열 정부, 내일 첫 한미정상회담..문재인-바이든 회동 무산(김준형)/식용유부터 밀가루 삼겹살까지.천정부지 오르는 생활 물가! 하반기에도 ‘초비상’(박정호) [김어준의 뉴스공장]",https://youtube.com/watch?v=G_T29gA3qkc
744,"(ENG) 🌟15만 기념 붱철쇼🌟 (feat. 스페셜 축하사절단 - 김제형, 체리블렛, +그가 왔다...)",https://youtube.com/watch?v=ZM870j7bwXk
745,'진드기 바이러스' 감염‥올해 첫 사망자 발생 (2022.05.17/뉴스투데이/MBC),https://youtube.com/watch?v=1DQ7-pWKDYs
746,"우크라이나, 국경 진격…터키 ""핀란드·스웨덴 가입 반대"" [굿모닝 MBN]",https://youtube.com/watch?v=W0_wwdZvCmE
747,죽고 나면 바다로 돌아갈 수 있는 특별한 장례 방법｜크랩,https://youtube.com/watch?v=Bn0LpG_eQKU
748,"[매경·MBN 여론조사] 충북 김영환 48.4%, 강원김진태 49.1%…국민의힘 앞서 [굿모닝 MBN]",https://youtube.com/watch?v=B-s9WGBPnBw
749,"北, 중국에서 코로나 의약품 구매 나서 / 연합뉴스TV (YonhapnewsTV)",https://youtube.com/watch?v=SETvGHQ0gV0
750,3년만에 제대로 마셔보자.....(홍대 음주 브이로그),https://youtube.com/watch?v=Y35kVwOH-pU
751,[글로벌K] 색깔 다른 서로의 새끼 ‘공동육아’하는 알비노-왈라비 자매 / KBS  2022.05.20.,https://youtube.com/watch?v=MiYDyF-JBuU
752,“잘 할 수 있는데…” 사회 참여 ‘제자리 걸음’ / KBS  2022.05.19.,https://youtube.com/watch?v=lYyC17n-P3s
753,"Мужик с ведром, женщина с лопатой,гость с болгаркой. Так и живём)",https://youtube.com/watch?v=ld6-QTTZBC4
754,개구리를 최면에 걸리게 하는 이 방법.. 과연 통할까? | KBS 스펀지 041030 방송,https://youtube.com/watch?v=-NtJGytV8F4
755,루시안 유저 특징,https://youtube.com/watch?v=R5-RcCuM8Xg
756,신챔프 벨베스 정식 공개. 공허챔프들 잡아먹히다?,https://youtube.com/watch?v=R9f7MWMD3OA
757,성시경의 먹을텐데 l 이태원 버거스낵,https://youtube.com/watch?v=bkdYYIBe0PM
758,심각한 상태의 미국물가와 환율폭등 상황⎥🇺🇸이민7,https://youtube.com/watch?v=PGtvajhIebY
759,평타에 열파참 터짐ㅋㅋㅋ이론상 한타의 신ㅋㅋㅋㅋ★국밥 10단계★ 탑 말파이트,https://youtube.com/watch?v=9xHZBZgGhdU
760,82일간의 사투! 아조우스탈 휴전!,https://youtube.com/watch?v=nGaLWogs7A4
761,태어나서 마술을 처음 보는 사람의 찐 반응 (Feat 쌍베님),https://youtube.com/watch?v=S28n92hV80k
762,"요새 니가 괴물이라며? 괴물 사냥꾼 ""야스오 정글""",https://youtube.com/watch?v=3adUIfG-Lj4
763,백현이의 브이로그 (사랑빛친구/한강산책/날씨좋음/바람소리주의),https://youtube.com/watch?v=tN_CQKkR7hs
764,"[에디터픽] 러-우크라 공수 교대?..""하르키우서 러군 축출"" / YTN",https://youtube.com/watch?v=GuuxJtBGemo
765,덫에 걸린 백구 수색,https://youtube.com/watch?v=9Ot0yzfrcjM
766,"우크라, 하르키우서 러 국경까지 도달…푸틴 “위협에는 대응” / KBS  2022.05.17.",https://youtube.com/watch?v=s7BXTbV0Exo
767,멸종위기 독수리 12마리 죽인 산불…방화범에 24년형 / 연합뉴스 (Yonhapnews),https://youtube.com/watch?v=QHV1ZDTKNkY
768,절대 뒤지지 않는 말ㅋㅋㅋ버프 레알 개에반데요;;;? ★버프 10단계★ 탑 헤카림,https://youtube.com/watch?v=X8A08yHqT5k
769,"우크라군, 동북부 하르키우서 러시아군 축출…""국경 도달""  / 연합뉴스 (Yonhapnews)",https://youtube.com/watch?v=VjuBGUU8WHQ
770,토막난 암컷 옆에서 버텨온 수컷…어느 동물원에서 일어난 끔찍한 일 / JTBC News,https://youtube.com/watch?v=TQ97JrqtAz0
771,"우크라 ""러, 마리우폴 제철소에 백린탄 투하"" 영상공개",https://youtube.com/watch?v=AvuZ8KdiJEs
772,Pooja Ko Pani 🌊 Mein Gira Diya😭😱😭MK studio vlog,https://youtube.com/watch?v=xBbeIJ5hRKg
773,"Xe Tải To Biểu Diễn, Xe CONTAINER Các Màu Sắc | Nhạc Thiếu Nhi Sôi Động Hấp Dẫn",https://youtube.com/watch?v=nYIsxAvbgBk
774,To Rombi Episode 45: Zombie combine with S.W.A.T Attack warriors,https://youtube.com/watch?v=-pT0DbboyMc
775,It is believed that cats are afraid of water  But not all representatives of the feline family   Jag,https://youtube.com/watch?v=ENg56WXqjRk
776,【대식】모츠 조림 정식의 라이스×10으로 해 본 결과…【몬 요시】,https://youtube.com/watch?v=4NKx6qF_yMc
777,KRISIS DUA BINATANG ROH TERKUAT DA MING DAN ER MING‼️ #TALKSANTUY EPISODE 209 - DUNIA ROH SOUL LAND,https://youtube.com/watch?v=j7QVk1vxnWM
778,"Mancing di Danau Lido, Warga Dapat Ikan Patin Seberat 50 Kg",https://youtube.com/watch?v=D3P4xFuRdIE
